aggr,alpha,att_weight_decay,batch_size,C,cometml,conditional,dataset,depth,dprate,dropout,early_stopping,epoch_mean,epoch_std,epoch_time_mean,epoch_time_std,epochs,exp,full_search_params,Gamma,heads,hidden,Init,JK,K,kernel_size,layers,lr,net,nhop,num_neighbors,output_heads,parameter_search,ppnp,root,RPMAX,sample_coverage,test_acc_mean,test_acc_std,test_f1_macro_mean,test_f1_macro_std,test_f1_micro_mean,test_f1_micro_std,test_rate,total_time_mean,total_time_std,train_acc_mean,train_acc_std,train_f1_macro_mean,train_f1_macro_std,train_f1_micro_mean,train_f1_micro_std,train_rate,val_acc_mean,val_acc_std,val_f1_macro_mean,val_f1_macro_std,val_f1_micro_mean,val_f1_micro_std,val_rate,walk_length,weight_decay,date
mean,0.1,0.01,512.0,7.0,False,False,GenCAT_cora_5000_0,2.0,0.5,0.5,100,101.0,0.0,0.0140867674455452,0.0002346978566914,2000,scalability_edge,False,,8.0,64,PPR,last,10.0,16.0,2.0,0.05,GCN,2.0,10.0,1.0,True,GPR_prop,2000.0,3,50.0,90.09163802978236,0.7726653816284126,79.51743553337096,2.783458512569983,90.09163802978236,0.7726653816284126,0.1999999999999999,1.422763512000074,0.0237044835258315,91.66666666666666,1.8041275462418205,91.58781571778007,1.7955039711737149,91.66666666666666,1.804127546241824,0.6,89.60639606396063,0.2301142304289025,72.23612630089224,4.720745756411336,89.60639606396063,0.2301142304289025,0.2,2.0,0.0,2022-05-31 16:21:44.698
mean,0.1,0.01,512.0,7.0,True,False,GenCAT_cora_5000_0,2.0,0.5,0.5,100,101.0,0.0,0.014552163287129,0.0001698366358131,2000,scalability_edge,True,,8.0,64,PPR,cat,10.0,16.0,2.0,0.05,JK-GCN,2.0,10.0,1.0,False,GPR_prop,2000.0,3,50.0,90.4352806414662,0.5840801275593089,75.931978712948,6.998143650722878,90.4352806414662,0.5840801275593089,0.1999999999999999,1.4697684920000331,0.0171535002171267,92.34006734006736,1.3104711680926155,92.27094546024084,1.3234757636606571,92.34006734006736,1.3104711680926104,0.6,90.7749077490775,0.3985695386474696,71.86277644080612,5.5389398806610535,90.7749077490775,0.3985695386474713,0.2,2.0,0.0,2022-06-08 12:39:01.943
mean,0.1,0.01,512.0,7.0,False,False,GenCAT_cora_5000_0,2.0,0.5,0.5,40,73.66666666666667,2.8674417556808782,0.0195259011902299,0.0002709069306599,2000,scalability_edge,False,,8.0,16,PPR,last,10.0,16.0,2.0,0.05,ChebNet,2.0,10.0,1.0,True,GPR_prop,2000.0,3,50.0,88.88888888888889,0.5669813823947137,75.41326231782053,4.830901160009563,88.88888888888889,0.5669813823947137,0.1999999999999999,1.4378105113332822,0.042517447754583,97.93771043771044,0.2838959924922596,97.94442612980208,0.2879987698609936,97.93771043771044,0.2838959924922596,0.6,89.60639606396063,1.7329646744902047,67.5886437306494,1.9926635435593272,89.60639606396063,1.7329646744902,0.2,2.0,0.0005,2022-05-31 19:38:55.782
mean,0.1,0.01,512.0,7.0,False,False,GenCAT_cora_5000_0,2.0,0.5,0.5,40,99.0,1.1102230246251564e-14,0.017734556037038,0.0002744009378817,100,scalability_edge,False,,8.0,64,PPR,last,10.0,16.0,2.0,0.2,SGC,2.0,10.0,1.0,True,GPR_prop,2000.0,3,50.0,88.71706758304695,0.8099734034210191,75.19590129285383,6.571957807813639,88.71706758304695,0.8099734034210191,0.1999999999999999,1.7557210476667628,0.0271656928502934,90.78282828282828,0.7434142143373631,90.7090855977088,0.7136334578795587,90.78282828282828,0.7434142143373631,0.6,87.82287822878229,0.6903426912867046,66.25682213899444,2.09809342513805,87.82287822878229,0.6903426912867046,0.2,2.0,5e-06,2022-05-31 17:17:33.681
mean,0.1,0.01,512.0,7.0,False,False,GenCAT_cora_5000_0,2.0,0.5,0.5,40,276.3333333333333,18.66071333637121,0.0147506468591543,0.0001407095952982,2000,scalability_edge,False,,8.0,32,PPR,last,10.0,16.0,2.0,0.002,GAT,2.0,10.0,1.0,True,GPR_prop,2000.0,3,50.0,87.68613974799541,1.576849931035078,75.01060822119413,6.891631291710682,87.68613974799541,1.576849931035078,0.1999999999999999,4.077436988000045,0.2965993680358342,90.50925925925924,1.36119205629598,90.47120588133085,1.3986280798608408,90.50925925925924,1.36119205629598,0.6,86.46986469864699,0.8697500383598358,61.83698969829311,0.716635182386392,86.46986469864699,0.8697500383598358,0.2,2.0,0.0,2022-05-31 16:25:46.278
mean,0.1,0.01,512.0,7.0,True,False,GenCAT_cora_5000_0,2.0,0.5,0.5,40,270.3333333333333,14.383632673594276,0.0186716632777286,0.0033090814952183,2000,scalability_edge,True,,8.0,32,PPR,cat,10.0,16.0,2.0,0.002,JK-GAT,2.0,10.0,1.0,False,GPR_prop,2000.0,3,50.0,87.22794959908362,0.4926875868867466,69.09468511135289,3.742808327463293,87.22794959908362,0.4926875868867513,0.1999999999999999,5.070530410666606,1.0597006823919148,92.36111111111111,0.4404135003463023,92.29006871548847,0.4135437441006868,92.3611111111111,0.4404135003463028,0.6,87.45387453874538,0.4519353768972637,72.6533920390413,7.494304385751309,87.45387453874538,0.4519353768972637,0.2,2.0,0.0,2022-06-08 12:39:45.495
mean,0.1,0.01,512.0,7.0,False,False,GenCAT_cora_5000_0,2.0,0.5,0.5,100,125.33333333333331,5.436502143433368,0.0204435704144007,6.9107216894152e-05,2000,scalability_edge,False,,8.0,64,PPR,last,10.0,16.0,2.0,0.05,H2GCN,2.0,10.0,1.0,True,GPR_prop,2000.0,3,50.0,90.6643757159221,0.8571952776114383,71.72265996207669,0.8410937410098452,90.6643757159221,0.8571952776114383,0.1999999999999999,2.562251923999914,0.1110807895644489,95.7912457912458,0.181025363363692,95.8187237373782,0.1824231732389578,95.7912457912458,0.181025363363692,0.6,89.97539975399755,1.0030446759102167,68.87063603833775,5.262471935433783,89.97539975399755,1.0030446759102167,0.2,2.0,0.0005,2022-06-07 14:33:45.220
mean,0.1,0.01,512.0,7.0,False,False,GenCAT_cora_5000_0,2.0,0.5,0.5,100,101.0,0.0,0.0146039906699641,0.0001451582244334,500,scalability_edge,False,,8.0,128,PPR,last,10.0,16.0,2.0,0.1,GraphSAGE,2.0,10.0,1.0,True,GPR_prop,2000.0,3,50.0,87.17067583046965,1.5516858171986363,70.48215074612393,6.273617248538738,87.17067583046965,1.5516858171986363,0.1999999999999999,1.475003057666375,0.014660980667782,88.78367003367003,3.133049326789436,88.65839518603622,3.29899755967375,88.78367003367003,3.133049326789436,0.6,86.40836408364083,0.6088250268518874,70.26478401746367,7.206904289148258,86.40836408364083,0.6088250268518874,0.2,2.0,0.0,2022-05-31 17:28:39.215
mean,0.1,0.01,512.0,7.0,True,False,GenCAT_cora_5000_0,2.0,0.5,0.5,100,101.0,0.0,0.0152707550825079,0.000100160853346,500,scalability_edge,True,,8.0,128,PPR,max,10.0,16.0,2.0,0.1,JK-GraphSAGE,2.0,10.0,1.0,False,GPR_prop,2000.0,3,50.0,88.25887743413516,1.7315253674491409,69.73092911082821,1.427514718467208,88.25887743413517,1.731525367449139,0.1999999999999999,1.5423462633333052,0.0101162461879477,91.91919191919192,3.463986253123273,91.75620362181472,3.588068723261696,91.91919191919192,3.463986253123273,0.6,85.91635916359164,1.2812218115620926,65.27578683756937,1.1735233989162388,85.91635916359164,1.2812218115620926,0.2,2.0,0.0,2022-06-08 12:41:20.238
mean,0.1,0.01,512.0,7.0,False,False,GenCAT_cora_5000_0,2.0,0.5,0.5,40,387.6666666666666,31.18047822311617,0.0106928939513247,0.0001520436333851,2000,scalability_edge,False,,8.0,64,PPR,last,10.0,16.0,2.0,0.002,MLP,2.0,10.0,1.0,True,GPR_prop,2000.0,3,50.0,68.90034364261167,0.5611660350018716,51.70345315892818,0.2533322783153447,68.90034364261167,0.5611660350018716,0.1999999999999999,4.149551368000174,0.3872016188143507,98.73737373737372,0.2727584469026903,98.74485263737864,0.2697896073957692,98.73737373737372,0.2727584469026903,0.6,65.55965559655596,0.9685126536299912,47.959848745502285,0.2420968765903008,65.55965559655596,0.9685126536299912,0.2,2.0,5e-05,2022-05-31 19:41:04.802
mean,0.1,0.01,512.0,7.0,False,False,GenCAT_cora_5000_0,2.0,0.5,0.5,100,108.0,3.55902608401044,0.0227536370116543,0.0002330050692389,2000,scalability_edge,False,,8.0,64,PPR,last,10.0,25.0,2.0,0.01,MoNet,2.0,10.0,1.0,True,GPR_prop,2000.0,3,50.0,87.0561282932417,0.2142988194028595,71.57227877899133,4.036681028612957,87.0561282932417,0.2142988194028595,0.1999999999999999,2.4579675529997376,0.0996108179842265,89.79377104377106,0.9396933317241618,89.78177371741252,0.9762016199329638,89.79377104377106,0.9396933317241618,0.6,87.02337023370234,1.523925177535529,64.85414328292336,0.9051730671667294,87.02337023370234,1.523925177535526,0.2,2.0,0.0005,2022-05-31 19:58:08.960
mean,0.9,0.01,512.0,7.0,False,False,GenCAT_cora_5000_0,2.0,0.5,0.5,40,263.3333333333333,4.9888765156985935,0.015293297482838,0.0003227699852283,2000,scalability_edge,False,,8.0,64,PPR,last,10.0,16.0,2.0,0.002,GPRGNN,2.0,10.0,1.0,True,GPR_prop,2000.0,3,50.0,90.950744558992,0.7726653816284074,84.46089750462204,1.0422869470902707,90.950744558992,0.772665381628403,0.1999999999999999,4.026650045999985,0.0905442703865407,94.54966329966332,0.1656988188975544,94.5224114797055,0.1607252791894651,94.54966329966332,0.1656988188975544,0.6,89.9138991389914,0.8296886570253431,69.57355269576941,4.654256278315115,89.9138991389914,0.82968865702534,0.2,2.0,0.0,2022-05-31 16:12:16.054
mean,0.1,0.1,512.0,7.0,False,False,GenCAT_cora_5000_0,2.0,0.5,0.5,100,118.33333333333331,7.717224601860149,0.054198265491017,0.0020857746370007,2000,scalability_edge,False,,8.0,64,PPR,last,10.0,16.0,2.0,0.05,FSGNN,8.0,10.0,1.0,True,GPR_prop,2000.0,3,50.0,89.86254295532646,1.19865117620025,72.82019113628914,2.2856740740727552,89.86254295532646,1.19865117620025,0.1999999999999999,6.397370647999955,0.1625815443391153,97.55892255892256,0.3107075559813423,97.57852990697096,0.3172160439529788,97.55892255892256,0.3107075559813423,0.6,90.40590405904058,1.5288810448531451,74.63672542416474,1.7995946151084703,90.40590405904058,1.5288810448531411,0.2,2.0,5e-05,2022-05-31 17:14:25.136
mean,0.1,0.01,512.0,7.0,False,False,GenCAT_cora_5000_0,2.0,0.5,0.2,40,176.33333333333334,14.704496666741848,0.0191785009738646,0.0019827439631682,300,scalability_edge,False,,8.0,128,PPR,last,10.0,16.0,2.0,0.002,GraphSAINT-GAT,2.0,10.0,1.0,True,GPR_prop,2000.0,3,50.0,81.15693012600231,1.2652189023124012,61.0604174741937,1.166376067905614,81.15693012600231,1.2652189023123963,0.1999999999999999,3.4093667513334363,0.6317206630833982,94.44444444444444,0.69730814502445,94.49800666826492,0.694096784525105,94.44444444444444,0.69730814502445,0.6,80.01230012300124,1.5823715043380835,57.54206652330748,2.039190320266102,80.01230012300124,1.5823715043380835,0.2,4.0,0.0,2022-05-31 17:22:39.283
mean,0.1,0.01,512.0,7.0,False,False,GenCAT_cora_5000_0,2.0,0.5,0.2,40,42.0,0.8164965809277268,0.0195451972173798,0.0012219567453402,300,scalability_edge,False,,8.0,256,PPR,last,10.0,16.0,2.0,0.01,GraphSAINT-GraphSAGE,2.0,10.0,1.0,True,GPR_prop,2000.0,3,50.0,87.97250859106529,0.9820405612532752,69.56878917067213,7.3342029507648,87.97250859106529,0.9820405612532824,0.1999999999999999,0.8199671436667209,0.0363309384024778,95.01262626262628,4.917222830617811,94.96695831801132,4.947148852579971,95.01262626262628,4.917222830617811,0.6,87.63837638376386,0.6903426912867046,66.94645176559101,2.115839365264028,87.63837638376386,0.6903426912867046,0.2,2.0,0.0,2022-05-31 16:38:13.743
mean,0.1,0.01,128.0,7.0,False,False,GenCAT_cora_5000_0,2.0,0.5,0.0,40,41.0,0.0,0.9668219803333328,0.0102822784612216,200,scalability_edge,False,,8.0,256,PPR,last,10.0,16.0,2.0,0.002,Shadow-GAT,2.0,20.0,1.0,True,GPR_prop,2000.0,3,50.0,88.54524627720504,0.9953119814995872,71.71890232558499,6.505782720570641,88.54524627720504,0.9953119814995872,0.1999999999999999,39.639701193666646,0.4215734169100875,91.79292929292929,3.745909467358471,91.74672595613282,3.82889943420496,91.79292929292929,3.745909467358471,0.6,87.02337023370235,0.9685126536299896,68.93761487969996,7.9438010686792415,87.02337023370235,0.9685126536299896,0.2,2.0,0.0,2022-06-07 16:14:19.487
mean,0.1,0.01,64.0,7.0,False,False,GenCAT_cora_5000_0,2.0,0.5,0.2,40,41.0,0.0,1.02856193163411,0.0039010946099184,200,scalability_edge,False,,8.0,256,PPR,last,10.0,16.0,2.0,0.01,Shadow-GraphSAGE,2.0,20.0,1.0,True,GPR_prop,2000.0,3,50.0,86.48339060710195,0.8909707437631204,71.72415740849179,5.174639046404131,86.48339060710195,0.8909707437631204,0.1999999999999999,42.171039196998514,0.1599448790066558,89.14141414141415,7.240219447070456,88.86332874858658,7.526076150172599,89.14141414141415,7.240219447070456,0.6,86.40836408364083,1.840913843431216,63.852616927703245,4.121030589684106,86.40836408364083,1.840913843431216,0.2,2.0,0.0,2022-06-07 20:06:38.774
mean,0.1,0.01,512.0,7.0,False,False,GenCAT_cora_10000_0,2.0,0.5,0.5,100,109.66666666666669,1.8856180831641285,0.0148279384252178,0.0004100267723063,2000,scalability_edge,False,,8.0,32,PPR,last,10.0,16.0,2.0,0.05,GCN,2.0,10.0,1.0,True,GPR_prop,2000.0,3,50.0,89.90075890251022,0.7053733784935503,71.67586258404036,6.517367800403203,89.90075890251022,0.7053733784935503,0.1999999999999999,1.6269012556664773,0.072328712017995,97.17868338557992,0.2559550410431756,97.17900053988603,0.2513983936747662,97.17868338557992,0.2559550410431711,0.6,87.88437884378844,0.9567250421958184,65.9220873471528,1.372785769188837,87.88437884378844,0.9567250421958184,0.2,2.0,5e-05,2022-06-01 13:15:51.344
mean,0.1,0.01,512.0,7.0,True,False,GenCAT_cora_10000_0,2.0,0.5,0.5,100,116.66666666666669,9.46337971105226,0.0176706477524703,0.000118037072593,2000,scalability_edge,True,,8.0,32,PPR,lstm,10.0,16.0,2.0,0.05,JK-GCN,2.0,10.0,1.0,False,GPR_prop,2000.0,3,50.0,88.32457676590776,1.5289901755643664,69.52406099784943,6.980963975414093,88.32457676590776,1.5289901755643704,0.1999999999999999,2.0615485663333857,0.1675799341878908,97.5548589341693,0.9992086175867868,97.56168429926322,1.0075764423079574,97.5548589341693,0.9992086175867868,0.6,88.86838868388685,2.022986986887889,71.28352456985017,7.31592192463006,88.86838868388685,2.0229869868878843,0.2,2.0,5e-05,2022-06-08 12:42:16.907
mean,0.1,0.01,512.0,7.0,False,False,GenCAT_cora_10000_0,2.0,0.5,0.5,40,66.0,7.4833147735478835,0.0217082014614324,0.0003450447259198,2000,scalability_edge,False,,8.0,32,PPR,last,10.0,16.0,2.0,0.05,ChebNet,2.0,10.0,1.0,True,GPR_prop,2000.0,3,50.0,90.30939871570344,2.293856708043024,76.32186041441304,3.911212430948107,90.30939871570344,2.293856708043024,0.1999999999999999,1.431514433999837,0.1536234255180047,98.95506792058517,0.3251065660627811,98.9634331810216,0.3182956114555758,98.95506792058517,0.3251065660627811,0.6,87.20787207872078,0.4842563268149931,66.74949979607867,0.7042633615138421,87.20787207872078,0.4842563268149931,0.2,2.0,0.0005,2022-06-01 15:19:37.834
mean,0.1,0.01,512.0,7.0,False,False,GenCAT_cora_10000_0,2.0,0.5,0.5,40,99.0,1.1102230246251564e-14,0.0207473255252467,8.46416605317676e-05,100,scalability_edge,False,,8.0,64,PPR,last,10.0,16.0,2.0,0.2,SGC,2.0,10.0,1.0,True,GPR_prop,2000.0,3,50.0,89.43374197314652,0.5413671042320941,72.86783415265973,4.049871826341427,89.43374197314652,0.5413671042320921,0.1999999999999999,2.05398522699943,0.0083795243926449,89.57157784743993,0.241919266515995,89.48569636862574,0.2501691042017713,89.57157784743993,0.2419192665159935,0.6,88.99138991389913,0.8566044450912765,67.49194982780195,1.7865268753729613,88.99138991389913,0.8566044450912765,0.2,2.0,5e-05,2022-06-01 11:32:22.932
mean,0.1,0.01,512.0,7.0,False,False,GenCAT_cora_10000_0,2.0,0.5,0.5,40,229.3333333333333,25.746628689770017,0.0181499198765813,0.0001174694977118,2000,scalability_edge,False,,8.0,64,PPR,last,10.0,16.0,2.0,0.002,GAT,2.0,10.0,4.0,True,GPR_prop,2000.0,3,50.0,89.49211908931699,0.7566539052431823,72.45578985838677,6.158817665686154,89.49211908931699,0.7566539052431823,0.1999999999999999,4.159881542333702,0.447210629933782,93.18704284221523,0.7684337016029333,93.17302315433128,0.7524556649505124,93.18704284221523,0.7684337016029333,0.6,87.76137761377613,1.170129003102118,64.79572046092096,1.6990459600967984,87.76137761377613,1.1701290031021163,0.2,2.0,5e-05,2022-06-01 13:36:13.410
mean,0.1,0.01,512.0,7.0,True,False,GenCAT_cora_10000_0,2.0,0.5,0.5,40,220.3333333333333,12.036980056845202,0.0190402681815927,0.0023820019887163,2000,scalability_edge,True,,8.0,64,PPR,cat,10.0,16.0,2.0,0.002,JK-GAT,2.0,10.0,4.0,False,GPR_prop,2000.0,3,50.0,88.79159369527146,0.1429941472728049,66.73595966456541,0.7028943428493941,88.79159369527146,0.1429941472728094,0.1999999999999999,4.223861212999888,0.7712135272754519,93.06165099268549,0.9499116553699888,93.04556137513424,0.9443498502805944,93.06165099268549,0.9499116553699845,0.6,90.46740467404676,0.379115252335115,68.5616405570228,0.4991337108145076,90.46740467404676,0.3791152523351193,0.2,2.0,5e-05,2022-06-08 12:42:30.987
mean,0.1,0.01,512.0,7.0,False,False,GenCAT_cora_10000_0,2.0,0.5,0.5,100,432.0,10.424330514074592,0.0241107978844699,0.0001810652405516,2000,scalability_edge,False,,8.0,64,PPR,last,10.0,16.0,2.0,0.002,H2GCN,2.0,10.0,1.0,True,GPR_prop,2000.0,3,50.0,90.251021599533,0.8619277910235529,73.9009870514363,4.194810065514855,90.251021599533,0.8619277910235481,0.1999999999999999,10.414061290666725,0.1790514717494072,99.74921630094045,0.1023820164172711,99.75226534731364,0.1023636402194957,99.74921630094045,0.1023820164172711,0.6,89.79089790897909,0.1739500076719703,66.97138486255464,1.830773574804493,89.79089790897909,0.1739500076719703,0.2,2.0,5e-05,2022-06-01 14:28:08.638
mean,0.1,0.01,512.0,7.0,False,False,GenCAT_cora_10000_0,2.0,0.5,0.5,100,178.33333333333331,3.399346342395192,0.0174700561568757,0.000135699710509,500,scalability_edge,False,,8.0,64,PPR,last,10.0,16.0,2.0,0.002,GraphSAGE,2.0,10.0,1.0,True,GPR_prop,2000.0,3,50.0,89.14185639229423,0.7430193847844648,69.7558046576819,6.858385752824088,89.14185639229423,0.7430193847844702,0.1999999999999999,3.1157797219990844,0.0766925794847178,96.19644723092998,0.340846529368863,96.17638675145788,0.3427513803682292,96.19644723092998,0.3408465293688653,0.6,87.20787207872078,0.3791152523351144,66.43714128320698,1.8454245735220989,87.20787207872078,0.3791152523351144,0.2,2.0,0.0,2022-06-01 14:39:54.182
mean,0.1,0.01,512.0,7.0,True,False,GenCAT_cora_10000_0,2.0,0.5,0.5,100,188.0,2.9439202887759417,0.0164777489120809,5.241362073004923e-05,500,scalability_edge,True,,8.0,64,PPR,cat,10.0,16.0,2.0,0.002,JK-GraphSAGE,2.0,10.0,1.0,False,GPR_prop,2000.0,3,50.0,88.03269118505547,1.460594979941251,66.98219305787644,2.3806824570554275,88.03269118505547,1.460594979941251,0.1999999999999999,3.0979430433333164,0.0568528294153944,97.63845350052246,1.2342589810017466,97.6340936418898,1.2367694958828694,97.63845350052247,1.2342589810017417,0.6,88.62238622386224,1.6107996130023128,65.65862825871311,2.140296554393293,88.62238622386224,1.6107996130023137,0.2,2.0,0.0,2022-06-08 12:43:39.741
mean,0.1,0.01,512.0,7.0,False,False,GenCAT_cora_10000_0,2.0,0.5,0.5,40,409.33333333333326,31.940917679713305,0.011200966712208,0.000102864166725,2000,scalability_edge,False,,8.0,64,PPR,last,10.0,16.0,2.0,0.002,MLP,2.0,10.0,1.0,True,GPR_prop,2000.0,3,50.0,69.4687682428488,0.8737086717510658,52.38789050182909,0.1333715335960562,69.4687682428488,0.8737086717510658,0.1999999999999999,4.582542029335551,0.3307694232539055,95.71577847439916,0.6502131321255622,95.70740716617271,0.6605650320878159,95.71577847439916,0.6502131321255622,0.6,67.65067650676507,2.531256534717921,49.712229490998496,1.9655156773663016,67.65067650676507,2.531256534717921,0.2,2.0,0.0005,2022-06-01 15:21:53.456
mean,0.1,0.01,512.0,7.0,False,False,GenCAT_cora_10000_0,2.0,0.5,0.5,100,102.33333333333331,0.4714045207910321,0.0279630769220076,8.778502749516542e-05,2000,scalability_edge,False,,8.0,64,PPR,last,10.0,25.0,2.0,0.01,MoNet,2.0,10.0,1.0,True,GPR_prop,2000.0,3,50.0,88.90834792761237,0.4596618723883166,68.43353562534297,2.6661293069014493,88.90834792761237,0.4596618723883184,0.1999999999999999,2.86158252266614,0.0203266567809042,89.55067920585161,0.2131251625326124,89.70253391348143,0.193415061158472,89.55067920585162,0.2131251625326109,0.6,88.49938499384994,0.3135928360143121,67.0830470670196,1.5458630023342554,88.49938499384993,0.3135928360143158,0.2,2.0,0.0005,2022-06-01 15:39:46.510
mean,0.9,0.01,512.0,7.0,False,False,GenCAT_cora_10000_0,2.0,0.5,0.5,40,102.33333333333334,4.027681991198195,0.0182378207162058,0.0004480159490264,2000,scalability_edge,False,,8.0,64,PPR,last,10.0,16.0,2.0,0.01,GPRGNN,2.0,10.0,1.0,True,GPR_prop,2000.0,3,50.0,91.06830122591944,0.5155727300833525,78.05453829995689,5.205931190311052,91.06830122591944,0.5155727300833475,0.1999999999999999,1.8648555686665984,0.0431573143531342,94.2319749216301,0.7111682143019245,94.22211942802907,0.7188917746941722,94.2319749216301,0.7111682143019245,0.6,92.06642066420665,1.0545158794269518,71.87015234451798,2.469327136989131,92.06642066420665,1.0545158794269518,0.2,2.0,0.0005,2022-06-07 14:39:36.549
mean,0.1,0.1,512.0,7.0,False,False,GenCAT_cora_10000_0,2.0,0.5,0.5,40,121.0,6.3770421565696696,0.0690377806260376,0.0024314617557911,2000,scalability_edge,False,,8.0,64,PPR,last,10.0,16.0,2.0,0.01,FSGNN,8.0,10.0,1.0,True,GPR_prop,2000.0,3,50.0,90.19264448336251,0.4289824418184194,74.99726418676515,6.066767757001598,90.19264448336251,0.4289824418184194,0.1999999999999999,8.338069103999867,0.1354419297322868,95.5067920585162,0.4865390481430632,95.4968408520872,0.4939970845659077,95.5067920585162,0.4865390481430633,0.6,87.76137761377613,1.652525072883692,65.85713467086246,3.898127973937948,87.76137761377613,1.652525072883692,0.2,2.0,5e-05,2022-06-01 11:13:30.159
mean,0.1,0.01,512.0,7.0,False,False,GenCAT_cora_10000_0,2.0,0.5,0.1,40,112.66666666666669,7.760297817881876,0.0184640776187291,9.606921472521668e-05,300,scalability_edge,False,,8.0,256,PPR,last,10.0,16.0,2.0,0.002,GraphSAINT-GAT,2.0,10.0,1.0,True,GPR_prop,2000.0,3,50.0,79.80151780502042,1.946682078287573,59.379794358281856,1.1125735434951105,79.80151780502042,1.946682078287573,0.1999999999999999,2.081021113999668,0.1540163976344705,85.91431556948798,1.9210842540073387,85.87662004835005,2.0420823596320266,85.91431556948798,1.9210842540073387,0.6,76.26076260762608,2.7130067650815253,55.18879078876354,3.285524197988813,76.26076260762608,2.7130067650815253,0.2,2.0,0.0,2022-06-01 11:40:14.112
mean,0.1,0.01,512.0,7.0,False,False,GenCAT_cora_10000_0,2.0,0.5,0.2,40,101.66666666666666,7.408703590297629,0.0174801750574288,0.000140982498605,300,scalability_edge,False,,8.0,128,PPR,last,10.0,16.0,2.0,0.002,GraphSAINT-GraphSAGE,2.0,10.0,1.0,True,GPR_prop,2000.0,3,50.0,90.42615294804436,0.6447963232450253,73.63075096020539,5.219105892542054,90.42615294804436,0.6447963232450253,0.1999999999999999,1.7766091626666216,0.1220097469847144,96.59352142110762,1.3054543520786983,96.58234212892482,1.3045216625807596,96.59352142110762,1.3054543520786983,0.6,88.74538745387454,1.3558061306917957,65.00973465911109,1.7581066384472124,88.74538745387456,1.3558061306918003,0.2,2.0,0.0,2022-06-07 17:20:18.720
mean,0.1,0.01,128.0,7.0,False,False,GenCAT_cora_10000_0,2.0,0.5,0.2,40,43.333333333333336,0.9428090415820642,1.4806721289761868,0.0084293115062684,200,scalability_edge,False,,8.0,128,PPR,last,10.0,16.0,2.0,0.002,Shadow-GAT,2.0,20.0,1.0,True,GPR_prop,2000.0,3,50.0,90.0758902510216,0.5413671042320888,74.1430811586853,3.7121531437066366,90.0758902510216,0.5413671042320888,0.1999999999999999,64.15984221799984,1.324702882141651,97.3667711598746,0.3998145552708236,97.3671024246482,0.3810837574151705,97.3667711598746,0.3998145552708236,0.6,88.43788437884378,1.7653997656097569,64.68754021059976,0.746829101732961,88.43788437884378,1.7653997656097569,0.2,2.0,0.0,2022-06-07 16:10:04.178
mean,0.1,0.01,128.0,7.0,False,False,GenCAT_cora_10000_0,2.0,0.5,0.1,40,41.0,0.0,1.5696036146178756,0.0062308794555505,200,scalability_edge,False,,8.0,256,PPR,last,10.0,16.0,2.0,0.01,Shadow-GraphSAGE,2.0,20.0,1.0,True,GPR_prop,2000.0,3,50.0,88.96672504378283,0.1429941472728049,72.20673360930522,6.557481919867099,88.96672504378284,0.1429941472728094,0.1999999999999999,64.3537481993329,0.2554660576775733,96.25914315569489,4.135502701970428,96.2744090521746,4.117812209544323,96.25914315569489,4.135502701970428,0.6,88.74538745387454,0.6566468789687115,67.65576356997242,1.1594788850721285,88.74538745387454,0.6566468789687147,0.2,2.0,0.0,2022-06-07 23:31:06.804
mean,0.1,0.01,512.0,7.0,False,False,GenCAT_cora_15000_0,2.0,0.5,0.5,100,561.0,41.96029869610878,0.0186142438808195,8.941466292879805e-05,2000,scalability_edge,False,,8.0,16,PPR,last,10.0,16.0,2.0,0.002,GCN,2.0,10.0,1.0,True,GPR_prop,2000.0,3,50.0,87.91523482245131,1.0897077657755083,75.87968631208041,1.6450941065644462,87.91523482245131,1.0897077657755083,0.1999999999999999,10.44547081233327,0.8177654502938897,92.82407407407408,1.0052669118262798,92.73346436995564,1.0453845984383492,92.82407407407408,1.0052669118262798,0.6,87.08487084870849,0.6903426912867046,66.1225385874769,1.0876695338670368,87.08487084870849,0.6903426912867046,0.2,2.0,0.0,2022-06-07 11:59:15.332
mean,0.1,0.01,512.0,7.0,True,False,GenCAT_cora_15000_0,2.0,0.5,0.5,100,639.6666666666665,52.04058245467882,0.0142377164339177,0.000181688347186,2000,scalability_edge,True,,8.0,16,PPR,cat,10.0,16.0,2.0,0.002,JK-GCN,2.0,10.0,1.0,False,GPR_prop,2000.0,3,50.0,87.97250859106529,0.3711764432077799,65.70965260359839,2.48197733326174,87.97250859106529,0.3711764432077799,0.1999999999999999,9.10940833066661,0.7695170008837541,96.42255892255892,0.1488019320678751,96.40800467860254,0.1319839154580289,96.42255892255892,0.1488019320678751,0.6,87.14637146371466,0.7431147585236518,69.23824674120755,7.931343081849615,87.14637146371463,0.7431147585236466,0.2,2.0,0.0,2022-06-08 12:44:36.315
mean,0.1,0.01,512.0,7.0,False,False,GenCAT_cora_15000_0,2.0,0.5,0.5,40,82.66666666666667,6.182412330330469,0.0239418760879177,8.042201585797959e-05,2000,scalability_edge,False,,8.0,16,PPR,last,10.0,16.0,2.0,0.05,ChebNet,2.0,10.0,1.0,True,GPR_prop,2000.0,3,50.0,88.54524627720504,0.7061184424935844,70.645447526348,1.7654414543868715,88.54524627720504,0.7061184424935844,0.1999999999999999,1.978700278666565,0.1417393048172351,98.16919191919192,0.769753415747978,98.17526872608818,0.7588631678851837,98.16919191919192,0.769753415747978,0.6,87.20787207872078,1.7132088901825442,67.02397339329451,3.266052262469839,87.20787207872078,1.7132088901825442,0.2,2.0,0.0005,2022-06-07 12:35:19.999
mean,0.1,0.01,512.0,7.0,False,False,GenCAT_cora_15000_0,2.0,0.5,0.5,40,99.0,1.1102230246251564e-14,0.0134514262626264,8.367844228003782e-05,100,scalability_edge,False,,8.0,64,PPR,last,10.0,16.0,2.0,0.2,SGC,2.0,10.0,1.0,True,GPR_prop,2000.0,3,50.0,89.2898052691867,1.2257121740568562,72.01461622182276,6.877600697639073,89.2898052691867,1.2257121740568548,0.1999999999999999,1.331691200000023,0.0082841657857237,90.80387205387206,0.2324360483414846,90.7420320941979,0.237413884776223,90.80387205387206,0.2324360483414846,0.6,87.39237392373923,1.0254201722345058,67.43660366931698,0.6516158290901304,87.39237392373923,1.0254201722345058,0.2,2.0,5e-06,2022-06-07 13:25:50.508
mean,0.1,0.01,512.0,7.0,False,False,GenCAT_cora_15000_0,2.0,0.5,0.5,100,297.0,27.288581250527965,0.0183300846314361,0.0001017309888364,2000,scalability_edge,False,,8.0,64,PPR,last,10.0,16.0,2.0,0.002,GAT,2.0,10.0,4.0,True,GPR_prop,2000.0,3,50.0,87.85796105383734,1.4191880519317146,74.64682697942709,9.01729532438674,87.85796105383734,1.4191880519317146,0.1999999999999999,5.44239563033337,0.4833338951423462,93.1607744107744,0.4292103967670678,93.13280640564555,0.4419714452907809,93.1607744107744,0.4292103967670678,0.6,86.53136531365314,1.0863174497328216,64.06464137412702,1.1140697192770233,86.53136531365314,1.0863174497328216,0.2,2.0,5e-05,2022-06-07 12:41:53.418
mean,0.1,0.01,512.0,7.0,True,False,GenCAT_cora_15000_0,2.0,0.5,0.5,100,269.0,13.589211407093003,0.0188000808475376,0.0025266185385705,2000,scalability_edge,True,,8.0,64,PPR,cat,10.0,16.0,2.0,0.002,JK-GAT,2.0,10.0,4.0,False,GPR_prop,2000.0,3,50.0,87.45704467353951,0.7014575437523395,69.9540294468412,4.430573005301773,87.45704467353951,0.701457543752344,0.1999999999999999,5.034709342333371,0.5276661339089217,94.14983164983164,0.029760386413576,94.14347764299023,0.0492587539702979,94.14983164983164,0.029760386413576,0.6,85.42435424354244,1.3132937579374315,65.3366607861301,4.848843038900594,85.42435424354244,1.3132937579374366,0.2,2.0,5e-05,2022-06-08 12:46:28.313
mean,0.1,0.01,512.0,7.0,False,False,GenCAT_cora_15000_0,2.0,0.5,0.5,40,379.3333333333333,35.8267435801184,0.0185306706331776,0.0001927933550048,2000,scalability_edge,False,,8.0,64,PPR,last,10.0,16.0,2.0,0.002,H2GCN,2.0,10.0,1.0,True,GPR_prop,2000.0,3,50.0,89.46162657502863,1.1426080952611697,68.79216924067663,1.9735922232839496,89.46162657502865,1.1426080952611666,0.1999999999999999,7.023421658333517,0.6076522091413834,99.30555555555554,0.4724314882290326,99.30804486813184,0.4646705131827426,99.30555555555554,0.4724314882290326,0.6,88.06888068880689,0.6271856720286293,66.54602376451344,0.918132256987914,88.06888068880689,0.6271856720286293,0.2,2.0,0.0,2022-06-07 13:14:23.626
mean,0.1,0.01,512.0,7.0,False,False,GenCAT_cora_15000_0,2.0,0.5,0.5,40,97.33333333333331,1.699673171197596,0.020727173895264,7.74097269736412e-05,500,scalability_edge,False,,8.0,128,PPR,last,10.0,16.0,2.0,0.002,GraphSAGE,2.0,10.0,1.0,True,GPR_prop,2000.0,3,50.0,86.368843069874,1.8682137949942808,71.70980613105242,4.415582809975509,86.368843069874,1.8682137949942808,0.1999999999999999,2.01731364666648,0.0277826066216715,94.65488215488216,0.3020349346466222,94.63020167368552,0.3084611623148759,94.65488215488216,0.3020349346466222,0.6,85.97785977859779,0.1506451256324197,68.61638288452494,6.3767301809214025,85.97785977859779,0.1506451256324197,0.2,2.0,5e-05,2022-06-07 13:28:08.960
mean,0.1,0.01,512.0,7.0,True,False,GenCAT_cora_15000_0,2.0,0.5,0.5,40,93.0,6.53197264742181,0.0200395030020167,3.679633651486143e-05,500,scalability_edge,True,,8.0,128,PPR,cat,10.0,16.0,2.0,0.002,JK-GraphSAGE,2.0,10.0,1.0,False,GPR_prop,2000.0,3,50.0,87.11340206185567,1.4780627606602446,67.30575498053338,0.2926955183100719,87.11340206185567,1.4780627606602446,0.1999999999999999,1.8635065716668275,0.1284206021502238,96.12794612794616,1.8043729890762608,96.09284227481766,1.791784140200254,96.12794612794616,1.8043729890762608,0.6,87.51537515375153,1.1306750498677862,67.57513439375545,3.157502312127796,87.51537515375153,1.1306750498677862,0.2,2.0,5e-05,2022-06-08 12:47:45.891
mean,0.1,0.01,512.0,7.0,False,False,GenCAT_cora_15000_0,2.0,0.5,0.5,100,448.66666666666674,16.67999467092906,0.0111347441222472,5.624662315016887e-05,2000,scalability_edge,False,,8.0,64,PPR,last,10.0,16.0,2.0,0.002,MLP,2.0,10.0,1.0,True,GPR_prop,2000.0,3,50.0,69.81672394043528,2.2505020279941017,52.420025945809215,2.379904575168919,69.81672394043528,2.2505020279941017,0.1999999999999999,4.996723984666763,0.2114720229932189,99.4949494949495,0.0,99.49451751696556,0.0054275173002578,99.4949494949495,0.0,0.6,65.25215252152522,1.8835661538885065,48.308645186083126,0.652502508795314,65.25215252152522,1.8835661538885065,0.2,2.0,5e-06,2022-06-07 12:37:57.991
mean,0.1,0.01,512.0,7.0,False,False,GenCAT_cora_15000_0,2.0,0.5,0.5,100,127.0,3.2659863237109072,0.0325012531880616,0.0001502321361871,2000,scalability_edge,False,,8.0,64,PPR,last,10.0,25.0,2.0,0.002,MoNet,2.0,10.0,1.0,True,GPR_prop,2000.0,3,50.0,86.42611683848797,0.2805830175009358,72.89102020783865,5.596809640123609,86.42611683848797,0.2805830175009358,0.1999999999999999,4.127786470333225,0.1129622957943727,88.9520202020202,1.2636780131315173,88.95846353333732,1.214040583234727,88.9520202020202,1.2636780131315173,0.6,86.46986469864699,1.3997302185413334,65.18941239195254,1.0484828084958386,86.46986469864699,1.3997302185413385,0.2,2.0,0.0001,2022-06-07 12:53:30.124
mean,0.1,0.01,512.0,7.0,False,False,GenCAT_cora_15000_0,2.0,0.5,0.5,40,66.66666666666666,9.8770215933527,0.018646502375629,0.0002730619714754,2000,scalability_edge,False,,8.0,64,PPR,last,10.0,16.0,2.0,0.05,GPRGNN,2.0,10.0,1.0,True,GPR_prop,2000.0,3,50.0,88.14432989690721,0.7014575437523395,78.11962206174212,7.3645723759911395,88.14432989690721,0.7014575437523395,0.1999999999999999,1.242269102333618,0.1810423108851303,83.27020202020202,6.520785221174704,82.89884591097193,7.031226863819323,83.27020202020202,6.520785221174707,0.6,85.85485854858548,1.913450084391641,75.54643269418222,9.653895149670694,85.85485854858548,1.913450084391647,0.2,2.0,0.0005,2022-06-07 14:34:22.903
mean,0.1,0.1,512.0,7.0,False,False,GenCAT_cora_15000_0,2.0,0.5,0.5,100,150.33333333333331,6.649979114420007,0.0200580433834132,4.7994172996054346e-05,2000,scalability_edge,False,,8.0,64,PPR,last,10.0,16.0,2.0,0.01,FSGNN,3.0,10.0,1.0,True,GPR_prop,2000.0,3,50.0,89.23253150057273,0.2142988194028635,71.38387630556262,5.541016426366255,89.23253150057273,0.2142988194028635,0.1999999999999999,3.01544809666666,0.134884602581101,99.43181818181816,0.2246859901521752,99.42594525268484,0.2237667889927023,99.43181818181816,0.2246859901521752,0.6,90.22140221402212,0.2609250115079476,69.82956713296264,1.21070123546429,90.22140221402216,0.2609250115079528,0.2,2.0,0.0005,2022-06-07 14:10:42.013
mean,0.1,0.01,512.0,7.0,False,False,GenCAT_cora_15000_0,2.0,0.5,0.1,40,57.66666666666666,1.6996731711975928,0.0257889869109662,0.0001573119419632,300,scalability_edge,False,,8.0,256,PPR,last,10.0,16.0,2.0,0.01,GraphSAINT-GAT,2.0,10.0,1.0,True,GPR_prop,2000.0,3,50.0,75.60137457044674,3.595953528600748,56.23418250500343,3.101524203100137,75.60137457044674,3.595953528600752,0.1999999999999999,1.48738608733341,0.051778331915028,79.52441077441077,1.361192056295981,80.21551601628411,1.077883332464459,79.52441077441077,1.361192056295981,0.6,71.40221402214021,3.0577620897062863,50.88463357230752,2.773132268776166,71.40221402214021,3.0577620897062854,0.2,2.0,0.0,2022-06-07 12:26:40.249
mean,0.1,0.01,512.0,7.0,False,False,GenCAT_cora_15000_0,2.0,0.5,0.1,40,96.33333333333331,6.548960901462834,0.0248524101060903,0.0001321852604641,300,scalability_edge,False,,8.0,128,PPR,last,10.0,16.0,2.0,0.002,GraphSAINT-GraphSAGE,2.0,10.0,1.0,True,GPR_prop,2000.0,3,50.0,87.57159221076746,0.2142988194028595,75.31292046050041,2.847931577035617,87.57159221076746,0.2142988194028595,0.1999999999999999,2.3932984446666223,0.1511051198563354,96.1489898989899,0.5076741616925421,96.1331737976268,0.5027651688637553,96.1489898989899,0.5076741616925421,0.6,86.46986469864699,1.003044675910215,65.93049475011713,2.4039182151432192,86.46986469864699,1.003044675910215,0.2,4.0,0.0,2022-06-07 12:32:15.823
mean,0.1,0.01,128.0,7.0,False,False,GenCAT_cora_15000_0,2.0,0.5,0.2,40,44.66666666666666,5.185449728701351,2.5952163655670675,0.0227102200853108,200,scalability_edge,False,,8.0,128,PPR,last,10.0,16.0,2.0,0.1,Shadow-GAT,2.0,20.0,1.0,True,GPR_prop,2000.0,3,50.0,85.85337915234823,0.4926875868867509,71.64585902380976,4.993749961525396,85.85337915234823,0.4926875868867513,0.1999999999999999,115.87392812966633,13.059276786126349,87.31060606060606,3.749808688110481,87.35590236780641,3.640277796993153,87.31060606060606,3.749808688110481,0.6,85.67035670356704,1.3502151537576994,65.50374511256457,1.9707256501920256,85.67035670356704,1.3502151537576994,0.2,2.0,0.0,2022-06-07 15:18:20.217
mean,0.1,0.01,64.0,7.0,False,False,GenCAT_cora_15000_0,2.0,0.5,0.1,40,41.0,0.0,3.0921678268780712,0.0111302034790331,200,scalability_edge,False,,8.0,256,PPR,last,10.0,16.0,2.0,0.002,Shadow-GraphSAGE,2.0,20.0,1.0,True,GPR_prop,2000.0,3,50.0,88.31615120274914,0.3711764432077799,74.95020075723194,7.417655331495264,88.31615120274914,0.3711764432077816,0.1999999999999999,126.7788809020009,0.456338342640359,99.87373737373736,0.103093002642388,99.87474124566688,0.1005996381025254,99.87373737373736,0.103093002642388,0.6,88.00738007380073,0.4519353768972637,76.38874437038696,6.251621153678284,88.00738007380073,0.4519353768972637,0.2,2.0,0.0,2022-06-07 18:49:44.162
mean,0.1,0.01,512.0,7.0,False,False,GenCAT_cora_20000_0,2.0,0.5,0.5,100,101.66666666666669,0.4714045207910321,0.0145777163203424,0.0001281016212431,2000,scalability_edge,False,,8.0,64,PPR,last,10.0,16.0,2.0,0.05,GCN,2.0,10.0,1.0,True,GPR_prop,2000.0,3,50.0,89.65702036441586,0.2732593522825724,66.42276338119088,4.688219649575876,89.65702036441586,0.2732593522825775,0.1999999999999999,1.4820082543349904,0.0063079550592524,95.91968911917098,0.1831882852814896,95.96373317203314,0.188749062097252,95.91968911917098,0.1831882852814896,0.6,89.60639606396063,1.2543713440572626,62.558543939287794,1.691089112630098,89.60639606396063,1.2543713440572626,0.2,2.0,5e-06,2022-06-01 21:28:05.798
mean,0.1,0.01,512.0,7.0,True,False,GenCAT_cora_20000_0,2.0,0.5,0.5,100,105.66666666666666,1.8856180831641285,0.0151671547762457,0.0001962438061698,2000,scalability_edge,True,,8.0,64,PPR,cat,10.0,16.0,2.0,0.05,JK-GCN,2.0,10.0,1.0,False,GPR_prop,2000.0,3,50.0,90.19292604501608,0.5721906887476613,63.60969858823251,0.3540055541466042,90.19292604501608,0.5721906887476613,0.1999999999999999,1.6027689030000447,0.039915139176522,96.67530224525044,0.5401552678409692,96.67968089281035,0.5393957732492736,96.67530224525044,0.5401552678409692,0.6,90.71340713407136,0.5290482944060632,67.33593809251292,5.402302193648563,90.71340713407136,0.5290482944060632,0.2,2.0,5e-06,2022-06-08 12:48:32.445
mean,0.1,0.01,512.0,7.0,False,False,GenCAT_cora_20000_0,2.0,0.5,0.5,40,108.0,21.954498400100142,0.02873946785912,0.0025843780579139,2000,scalability_edge,False,,8.0,16,PPR,last,10.0,16.0,2.0,0.05,ChebNet,2.0,10.0,1.0,True,GPR_prop,2000.0,3,50.0,87.29903536977491,1.252231666189486,65.10062279207241,4.7089047572980665,87.29903536977491,1.252231666189486,0.1999999999999999,3.077552959999593,0.5236016395833396,98.44559585492227,0.3216680575507588,98.44731506583224,0.3213839562763659,98.44559585492227,0.3216680575507588,0.6,86.59286592865928,1.5239251775355311,60.67603867077228,0.9219068323538748,86.59286592865931,1.5239251775355365,0.2,2.0,0.0005,2022-06-01 23:42:29.666
mean,0.1,0.01,512.0,7.0,False,False,GenCAT_cora_20000_0,2.0,0.5,0.5,40,99.0,1.1102230246251564e-14,0.0217136855757698,0.0002691157119378,100,scalability_edge,False,,8.0,64,PPR,last,10.0,16.0,2.0,0.2,SGC,2.0,10.0,1.0,True,GPR_prop,2000.0,3,50.0,87.7277599142551,0.8020701793727643,65.59798769307736,5.24302890238327,87.7277599142551,0.8020701793727643,0.1999999999999999,2.1496548720012165,0.0266424554818456,87.45682210708118,0.110082459274456,87.22377269548564,0.112614162380116,87.45682210708118,0.110082459274456,0.6,85.91635916359164,0.7730507435409906,64.12046408130058,5.441001759527258,85.91635916359164,0.7730507435409906,0.2,2.0,5e-05,2022-06-01 15:35:40.040
mean,0.1,0.01,512.0,7.0,False,False,GenCAT_cora_20000_0,2.0,0.5,0.5,40,135.00000000000003,10.708252269472672,0.0177960075847672,7.637895924923201e-05,2000,scalability_edge,False,,8.0,32,PPR,last,10.0,16.0,2.0,0.01,GAT,2.0,10.0,4.0,True,GPR_prop,2000.0,3,50.0,86.17363344051446,1.6395561136954266,64.46743135621054,5.544123048403569,86.17363344051446,1.6395561136954253,0.1999999999999999,2.4029989713332425,0.1972248231692287,89.74525043177893,0.669605458517736,89.74478354181198,0.6503307950027969,89.74525043177893,0.6696054585177368,0.6,85.17835178351784,1.2082953692735872,59.749597825960485,0.707576502916843,85.17835178351784,1.2082953692735872,0.2,2.0,0.0005,2022-06-01 22:19:05.003
mean,0.1,0.01,512.0,7.0,True,False,GenCAT_cora_20000_0,2.0,0.5,0.5,40,139.66666666666666,12.7627931460511,0.0210313611926231,0.0056708335461973,2000,scalability_edge,True,,8.0,32,PPR,max,10.0,16.0,2.0,0.01,JK-GAT,2.0,10.0,4.0,False,GPR_prop,2000.0,3,50.0,86.28081457663451,1.4928604798696794,61.85919071314559,1.1499276703283394,86.2808145766345,1.4928604798696783,0.1999999999999999,2.871117269000024,0.5063767328553499,90.8894645941278,0.3440711884824975,90.85618686383268,0.3150686803353658,90.8894645941278,0.3440711884824975,0.6,86.53136531365314,0.5218500230159004,61.550067690627685,1.3178200350401112,86.53136531365314,0.5218500230159004,0.2,2.0,0.0005,2022-06-08 12:49:31.858
mean,0.1,0.01,512.0,7.0,False,False,GenCAT_cora_20000_0,2.0,0.5,0.0,100,466.0,21.92411153654048,0.0273193422350429,0.0006452942954062,2000,scalability_edge,False,,8.0,64,PPR,last,10.0,16.0,2.0,0.002,H2GCN,2.0,10.0,1.0,True,GPR_prop,2000.0,3,50.0,85.58413719185424,0.5465187045651427,63.41394920303512,4.91909626741119,85.58413719185424,0.5465187045651427,0.1999999999999999,12.716672462338463,0.3085106639847646,98.20811744386874,0.2442510470419862,98.21948220036364,0.2483239926860979,98.20811744386874,0.2442510470419862,0.6,86.10086100861008,1.350215153757694,60.29700924747995,0.8034675159456464,86.10086100861008,1.350215153757694,0.2,2.0,0.0005,2022-06-01 22:45:14.570
mean,0.1,0.01,512.0,7.0,False,False,GenCAT_cora_20000_0,2.0,0.5,0.5,40,109.33333333333334,4.642796092394703,0.0230325516256392,9.250969566983695e-05,500,scalability_edge,False,,8.0,128,PPR,last,10.0,16.0,2.0,0.002,GraphSAGE,2.0,10.0,1.0,True,GPR_prop,2000.0,3,50.0,86.81672025723472,0.8607919830765819,61.813537969740885,1.1420419841278742,86.81672025723472,0.8607919830765819,0.1999999999999999,2.5178002093331693,0.0971636368094692,97.21502590673576,1.3304817735864127,97.17354114381784,1.311378455962591,97.21502590673576,1.3304817735864127,0.6,87.94587945879458,0.4348750191799179,61.91850375191494,0.1983665875869381,87.94587945879458,0.4348750191799179,0.2,2.0,5e-06,2022-06-01 22:57:30.558
mean,0.1,0.01,512.0,7.0,True,False,GenCAT_cora_20000_0,2.0,0.5,0.5,40,105.33333333333334,14.383632673594276,0.0264843550726135,5.081908763132333e-05,500,scalability_edge,True,,8.0,128,PPR,lstm,10.0,16.0,2.0,0.002,JK-GraphSAGE,2.0,10.0,1.0,False,GPR_prop,2000.0,3,50.0,87.08467309753483,0.4010350896863826,61.64501561832968,0.4503387402723354,87.08467309753483,0.4010350896863826,0.1999999999999999,2.7892481179998563,0.378043894826143,96.78324697754748,1.7227925166891205,96.7344159907973,1.716658808504341,96.78324697754748,1.7227925166891205,0.6,86.90036900369003,1.043700046031806,61.73474386434902,0.304731799641655,86.90036900369003,1.043700046031806,0.2,2.0,5e-06,2022-06-08 12:50:36.615
mean,0.1,0.01,512.0,7.0,False,False,GenCAT_cora_20000_0,2.0,0.5,0.5,100,492.0,53.59726361174295,0.010959176451221,7.154500367269077e-05,2000,scalability_edge,False,,8.0,64,PPR,last,10.0,16.0,2.0,0.002,MLP,2.0,10.0,1.0,True,GPR_prop,2000.0,3,50.0,68.70310825294749,2.1821300183818115,48.84480490527387,1.8631204145819729,68.70310825294749,2.1821300183818115,0.1999999999999999,5.392276280001776,0.5890631120378679,99.37392055267703,0.3399830688260725,99.38662384343604,0.3268451602210676,99.37392055267703,0.3399830688260725,0.6,65.92865928659288,1.4317892652918625,47.15777396745887,1.3990113903681711,65.92865928659288,1.4317892652918625,0.2,2.0,0.0,2022-06-01 23:45:35.011
mean,0.1,0.01,512.0,7.0,False,False,GenCAT_cora_20000_0,2.0,0.5,0.5,100,104.0,1.4142135623730965,0.0373842259408568,7.293633495928283e-05,2000,scalability_edge,False,,8.0,64,PPR,last,10.0,25.0,2.0,0.01,MoNet,2.0,10.0,1.0,True,GPR_prop,2000.0,3,50.0,88.85316184351554,0.7464302399348416,62.41558170437118,0.7833905872199771,88.85316184351554,0.7464302399348416,0.1999999999999999,3.88804754599308,0.0595352707583728,95.87651122625216,0.323113763970117,95.89463649691812,0.3312109942102856,95.87651122625216,0.323113763970117,0.6,89.85239852398523,0.903870753794532,63.161123639000095,0.5460974993266703,89.85239852398524,0.903870753794532,0.2,2.0,0.0001,2022-06-02 00:07:14.927
mean,0.5,0.01,512.0,7.0,False,False,GenCAT_cora_20000_0,2.0,0.5,0.5,40,64.66666666666666,6.018490028422596,0.0156911415856717,0.0003600260565944,2000,scalability_edge,False,,8.0,64,PPR,last,10.0,16.0,2.0,0.05,GPRGNN,2.0,10.0,1.0,True,GPR_prop,2000.0,3,50.0,90.08574490889605,0.7691693512544127,66.59661154901042,5.691520951520871,90.08574490889605,0.7691693512544127,0.1999999999999999,1.0129482133318866,0.0762019658898713,92.98359240069084,2.47266489194248,92.8080579959026,2.586900773144683,92.98359240069084,2.47266489194248,0.6,88.92988929889299,0.301290251264844,65.7851325480236,5.234916755562026,88.92988929889299,0.301290251264844,0.2,2.0,0.0,2022-06-01 14:38:45.010
mean,0.1,0.1,512.0,7.0,False,False,GenCAT_cora_20000_0,2.0,0.5,0.5,40,99.66666666666669,2.6246692913372724,0.0798237574472873,0.0015767055477234,2000,scalability_edge,False,,8.0,64,PPR,last,10.0,16.0,2.0,0.01,FSGNN,8.0,10.0,1.0,True,GPR_prop,2000.0,3,50.0,90.08574490889605,0.5305195571603287,66.39900364417038,5.374080107773841,90.08574490889605,0.5305195571603287,0.1999999999999999,7.951629959998778,0.0550245196173721,96.00604490500864,0.3006992287820416,95.98545683844036,0.3163364959053402,96.00604490500864,0.3006992287820352,0.6,88.19188191881918,0.9878461503203576,61.980136675973206,0.6128483844794744,88.19188191881918,0.9878461503203576,0.2,2.0,5e-05,2022-06-01 15:18:39.834
mean,0.1,0.01,512.0,7.0,False,False,GenCAT_cora_20000_0,2.0,0.5,0.2,40,56.99999999999999,3.74165738677394,0.0224999237959365,9.490072922049282e-05,300,scalability_edge,False,,8.0,256,PPR,last,10.0,16.0,2.0,0.01,GraphSAINT-GAT,2.0,10.0,1.0,True,GPR_prop,2000.0,3,50.0,75.66988210075026,1.347245990351183,51.47401146924104,1.1490307253778806,75.66988210075026,1.3472459903511858,0.1999999999999999,1.282423281667434,0.0830133356861855,77.43955094991364,2.2487766252158514,78.77004978555765,1.777965465606392,77.43955094991364,2.248776625215847,0.6,75.15375153751536,0.9567250421958235,52.2876682603092,1.4767329428601097,75.15375153751539,0.9567250421958184,0.2,4.0,0.0,2022-06-01 15:47:02.428
mean,0.1,0.01,512.0,7.0,False,False,GenCAT_cora_20000_0,2.0,0.5,0.1,40,99.0,4.242640687119284,0.0237190384955724,1.6515575699545456e-05,300,scalability_edge,False,,8.0,128,PPR,last,10.0,16.0,2.0,0.002,GraphSAINT-GraphSAGE,2.0,10.0,1.0,True,GPR_prop,2000.0,3,50.0,87.2454448017149,1.4518989479254083,65.32375272112601,6.284634705826956,87.2454448017149,1.4518989479254083,0.1999999999999999,2.348252638000001,0.1021669810140997,97.19343696027632,1.2132142761854152,97.16865243097054,1.205820070385618,97.19343696027632,1.2132142761854152,0.6,87.33087330873308,0.4842563268149931,61.138633853269965,0.7688563683712648,87.33087330873308,0.4842563268149931,0.2,4.0,0.0,2022-06-07 17:28:20.667
mean,0.1,0.01,64.0,7.0,False,False,GenCAT_cora_20000_0,2.0,0.5,0.0,40,41.333333333333336,0.4714045207910321,1.4119691400963994,0.0108684406701375,200,scalability_edge,False,,8.0,128,PPR,last,10.0,16.0,2.0,0.002,Shadow-GAT,2.0,10.0,1.0,True,GPR_prop,2000.0,3,50.0,88.5316184351554,1.314881473353194,65.7657346412479,5.8621476609030685,88.5316184351554,1.314881473353194,0.1999999999999999,58.35766880599999,0.4550303814177348,94.40846286701208,1.6060202861310289,94.47650553482109,1.5530826494713226,94.40846286701208,1.6060202861310289,0.6,87.26937269372695,0.6025805025296834,64.70908786908055,4.207443841159842,87.26937269372695,0.6025805025296834,0.2,2.0,0.0,2022-06-07 16:36:09.139
mean,0.1,0.01,128.0,7.0,False,False,GenCAT_cora_20000_0,2.0,0.5,0.2,40,41.66666666666667,0.4714045207910321,1.6200100764706022,0.0067467527894732,200,scalability_edge,False,,8.0,256,PPR,last,10.0,16.0,2.0,0.1,Shadow-GraphSAGE,2.0,10.0,1.0,True,GPR_prop,2000.0,3,50.0,85.36977491961414,0.5721906887476581,66.29100362744302,4.626718894211336,85.36977491961414,0.5721906887476551,0.1999999999999999,67.5035498903344,1.039341198065315,92.09844559585493,1.5793904281668296,92.16633087119868,1.5725628064415071,92.09844559585493,1.5793904281668243,0.6,84.99384993849938,2.0783204487965325,63.26713632024183,5.6694196104593,84.99384993849938,2.078320448796527,0.2,2.0,0.0,2022-06-08 00:34:52.690
mean,0.1,0.01,512.0,7.0,False,False,GenCAT_cora_3000_5000_0,2.0,0.5,0.5,40,123.33333333333331,17.152907107024806,0.0130965895582787,9.581429659739866e-05,2000,scalability_node_edge,False,,8.0,64,PPR,last,10.0,16.0,2.0,0.01,GCN,2.0,10.0,1.0,True,GPR_prop,2000.0,3,50.0,86.52263374485597,1.1707620037799429,68.78021745206692,5.4957499812043045,86.52263374485597,1.1707620037799389,0.1999999999999999,1.6146603655070066,0.2196888626859067,93.96879756468796,0.7718973658714159,93.86853188487598,0.8296217796737811,93.96879756468796,0.7718973658714159,0.6,85.61111111111111,2.161675162038194,65.0219957443103,3.0558793476158645,85.61111111111111,2.161675162038197,0.2,2.0,0.0005,2022-06-01 10:44:06.182
mean,0.1,0.01,512.0,7.0,True,False,GenCAT_cora_3000_5000_0,2.0,0.5,0.5,40,95.66666666666669,11.614167593456235,0.0141714480603743,0.0001856046776615,2000,scalability_node_edge,True,,8.0,64,PPR,max,10.0,16.0,2.0,0.01,JK-GCN,2.0,10.0,1.0,False,GPR_prop,2000.0,3,50.0,86.67695473251028,0.9787190118539316,64.36160665182953,0.6978021304037102,86.67695473251028,0.9787190118539268,0.1999999999999999,1.3538475336667184,0.1481896923902096,93.85464231354642,0.7224824028176371,93.7828012214226,0.7107813710150342,93.85464231354642,0.7224824028176372,0.6,87.05555555555556,0.8314794192830994,67.38035460725756,1.4860921330269463,87.05555555555556,0.8314794192830994,0.2,2.0,0.0005,2022-06-06 16:44:26.228
mean,0.1,0.01,512.0,7.0,False,False,GenCAT_cora_3000_5000_0,2.0,0.5,0.5,40,66.66666666666666,3.299831645537219,0.0151008564674928,0.0001180916926803,2000,scalability_node_edge,False,,8.0,32,PPR,last,10.0,16.0,2.0,0.05,ChebNet,2.0,10.0,1.0,True,GPR_prop,2000.0,3,50.0,87.55144032921812,1.2621238833729735,69.94339190559342,3.254628930402915,87.55144032921812,1.2621238833729735,0.1999999999999999,1.0063522458076477,0.0426580942654898,98.09741248097411,0.2566730891025872,98.0973261468102,0.2622232128641943,98.09741248097411,0.2566730891025872,0.6,86.72222222222223,1.6348821077291305,68.09288577197826,0.9390424688462524,86.72222222222223,1.6348821077291305,0.2,2.0,0.0005,2022-06-01 11:34:17.138
mean,0.1,0.01,512.0,7.0,False,False,GenCAT_cora_3000_5000_0,2.0,0.5,0.5,40,99.0,1.1102230246251564e-14,0.011394907974384,0.0002811941580896,100,scalability_node_edge,False,,8.0,64,PPR,last,10.0,16.0,2.0,0.2,SGC,2.0,10.0,1.0,True,GPR_prop,2000.0,3,50.0,85.3395061728395,0.5492324203719835,65.99313482751847,1.061617857012752,85.3395061728395,0.5492324203719835,0.1999999999999999,1.1280958894640207,0.0278382216508733,86.37747336377473,0.6546670675070503,86.1018437698347,0.6233467176456868,86.37747336377473,0.6546670675070503,0.6,85.83333333333334,1.1785113019775804,63.962689955112175,3.680189080114336,85.83333333333334,1.1785113019775804,0.2,2.0,5e-05,2022-06-01 10:51:09.055
mean,0.1,0.01,512.0,7.0,False,False,GenCAT_cora_3000_5000_0,2.0,0.5,0.5,100,136.66666666666669,5.906681715556445,0.0155974346285598,0.0001149634454944,2000,scalability_node_edge,False,,8.0,32,PPR,last,10.0,16.0,2.0,0.05,GAT,2.0,10.0,1.0,True,GPR_prop,2000.0,3,50.0,87.19135802469134,0.2520051175702869,68.20147108265022,0.7288938909312571,87.19135802469134,0.2520051175702869,0.1999999999999999,2.131215402235588,0.0825566332080053,89.117199391172,1.9508713452981088,88.9628167912807,1.9614163050243807,89.117199391172,1.950871345298114,0.6,87.0,0.1360827634879575,63.6728944331308,2.492981946526285,87.0,0.1360827634879575,0.2,2.0,0.0005,2022-06-01 00:21:12.198
mean,0.1,0.01,512.0,7.0,True,False,GenCAT_cora_3000_5000_0,2.0,0.5,0.5,100,121.33333333333336,9.46337971105226,0.0198113528330504,0.0057581708901595,2000,scalability_node_edge,True,,8.0,32,PPR,max,10.0,16.0,2.0,0.05,JK-GAT,2.0,10.0,1.0,False,GPR_prop,2000.0,3,50.0,87.13991769547324,0.7595073590655075,66.5417263750991,2.037814104061296,87.13991769547324,0.7595073590655075,0.1999999999999999,2.3537914703333622,0.4945643745892484,92.04718417047184,0.2101476601443528,91.928460052486,0.2007885564554384,92.04718417047184,0.2101476601443528,0.6,87.16666666666666,0.849836585598798,66.90010190559235,1.572143096185201,87.16666666666666,0.8498365855988033,0.2,2.0,0.0005,2022-06-06 16:45:12.056
mean,0.1,0.01,512.0,7.0,False,False,GenCAT_cora_3000_5000_0,2.0,0.5,0.5,100,128.33333333333334,11.55662388223981,0.0185380599773341,0.0005887901663115,2000,scalability_node_edge,False,,8.0,64,PPR,last,10.0,16.0,2.0,0.05,H2GCN,2.0,10.0,1.0,True,GPR_prop,2000.0,3,50.0,89.50617283950618,1.5483453645362528,70.86654422994991,2.432626321414333,89.50617283950618,1.5483453645362528,0.1999999999999999,2.372289360190431,0.1442120958673233,94.2732115677321,0.8156754608153001,94.2605895373553,0.8117365442719724,94.2732115677321,0.8156754608153001,0.6,89.16666666666666,0.4714045207910321,67.917854650848,0.5696386312864112,89.16666666666666,0.4714045207910321,0.2,2.0,0.0005,2022-06-01 11:07:19.158
mean,0.1,0.01,512.0,7.0,False,False,GenCAT_cora_3000_5000_0,2.0,0.5,0.5,100,108.0,6.377042156569658,0.0120925969400538,0.000123614909715,500,scalability_node_edge,False,,8.0,64,PPR,last,10.0,16.0,2.0,0.1,GraphSAGE,2.0,10.0,1.0,True,GPR_prop,2000.0,3,50.0,86.62551440329219,1.287036625843293,66.82200007246969,2.879956995981995,86.62551440329219,1.287036625843293,0.1999999999999999,1.30667528261741,0.0893192260719251,96.13774733637749,0.792719431354629,96.12300988166652,0.8260609936541583,96.13774733637749,0.792719431354629,0.6,85.22222222222223,1.733831837147471,62.3908796165772,0.7435870089016537,85.22222222222223,1.733831837147471,0.2,2.0,0.0005,2022-06-01 00:29:46.166
mean,0.1,0.01,512.0,7.0,True,False,GenCAT_cora_3000_5000_0,2.0,0.5,0.5,100,101.66666666666669,0.4714045207910321,0.0145497441232767,0.0001210343707045,500,scalability_node_edge,True,,8.0,64,PPR,cat,10.0,16.0,2.0,0.1,JK-GraphSAGE,2.0,10.0,1.0,False,GPR_prop,2000.0,3,50.0,86.52263374485597,0.0727476112331842,64.7657952031938,1.7272368524340276,86.52263374485597,0.0727476112331842,0.1999999999999999,1.4792299446666373,0.0147310624386055,97.5076103500761,1.0883066701731403,97.53540323740025,1.0648069626987346,97.5076103500761,1.0883066701731403,0.6,86.94444444444444,1.3356461422412558,68.58405449499143,1.2572533562926724,86.94444444444443,1.335646142241261,0.2,2.0,0.0005,2022-06-06 16:45:46.226
mean,0.1,0.01,512.0,7.0,False,False,GenCAT_cora_3000_5000_0,2.0,0.5,0.5,40,405.6666666666667,37.67698973585277,0.0096884555680759,6.37938488729357e-05,2000,scalability_node_edge,False,,8.0,64,PPR,last,10.0,16.0,2.0,0.002,MLP,2.0,10.0,1.0,True,GPR_prop,2000.0,3,50.0,69.49588477366255,0.5954648612546387,51.70811299223591,0.8181585479239182,69.49588477366255,0.5954648612546387,0.1999999999999999,3.931447694078088,0.3782678266438144,98.82039573820394,0.3371393673262832,98.82649350546312,0.3459770864044778,98.82039573820394,0.3371393673262832,0.6,69.16666666666667,1.533574860204697,52.669659922523294,0.4863912146290932,69.16666666666667,1.533574860204702,0.2,2.0,0.0,2022-06-01 00:33:44.363
mean,0.1,0.01,512.0,7.0,False,False,GenCAT_cora_3000_5000_0,2.0,0.5,0.5,100,104.33333333333331,2.0548046676563274,0.0163978341479433,7.758647206499559e-05,2000,scalability_node_edge,False,,8.0,64,PPR,last,10.0,25.0,2.0,0.01,MoNet,2.0,10.0,1.0,True,GPR_prop,2000.0,3,50.0,86.16255144032921,0.6939679816477367,67.70560899082089,3.109963004534193,86.16255144032921,0.6939679816477367,0.1999999999999999,1.7108387394497797,0.0344441317236339,88.41324200913242,0.3056008067771903,88.38569763827238,0.2909949551360999,88.41324200913242,0.3056008067771903,0.6,86.44444444444444,1.091493483577137,65.11771269759164,1.272702107339537,86.44444444444444,1.091493483577137,0.2,2.0,0.0005,2022-06-01 11:46:00.901
mean,0.9,0.01,512.0,7.0,False,False,GenCAT_cora_3000_5000_0,2.0,0.5,0.5,100,310.33333333333337,36.93537900471879,0.0161761847152615,7.486680928793328e-05,2000,scalability_node_edge,False,,8.0,64,PPR,last,10.0,16.0,2.0,0.002,GPRGNN,2.0,10.0,1.0,True,GPR_prop,2000.0,3,50.0,89.55761316872429,0.7595073590655028,73.12804758803422,7.527311666867052,89.55761316872429,0.7595073590655028,0.1999999999999999,5.02150586185356,0.6122319300042868,93.89269406392694,0.3518501143247171,93.84221823328674,0.3728382282268739,93.89269406392694,0.3518501143247176,0.6,89.44444444444444,0.9558139185602912,68.11662775047364,1.2851317090834706,89.44444444444444,0.9558139185602912,0.2,2.0,5e-05,2022-06-01 11:52:57.248
mean,0.1,0.1,512.0,7.0,False,False,GenCAT_cora_3000_5000_0,2.0,0.5,0.5,100,163.33333333333334,8.498365855987972,0.0268625932587696,0.0006584733068699,2000,scalability_node_edge,False,,8.0,64,PPR,last,10.0,16.0,2.0,0.01,FSGNN,8.0,10.0,1.0,True,GPR_prop,2000.0,3,50.0,87.5514403292181,0.7698883511880572,68.2566317162597,2.959338966565609,87.5514403292181,0.7698883511880572,0.1999999999999999,4.388165398190419,0.2643502248308039,96.19482496194826,0.0711883064454683,96.21853856978709,0.0817386234307577,96.19482496194826,0.0711883064454683,0.6,87.77777777777777,0.4374448818895448,68.6248773291602,1.1866222592098792,87.77777777777777,0.4374448818895448,0.2,2.0,0.0005,2022-06-01 01:24:58.398
mean,0.1,0.01,512.0,7.0,False,False,GenCAT_cora_3000_5000_0,2.0,0.5,0.2,40,137.0,2.1602468994692785,0.0208227565457229,0.0040818830674198,300,scalability_node_edge,False,,8.0,256,PPR,last,10.0,16.0,2.0,0.002,GraphSAINT-GAT,2.0,10.0,1.0,True,GPR_prop,2000.0,3,50.0,81.68724279835389,1.6779327603189416,61.20585734027072,1.62341053645137,81.68724279835389,1.6779327603189442,0.1999999999999999,2.850073773413897,0.5446208055302352,94.33028919330287,0.9136382955512168,94.27392376519252,0.9273138314664654,94.33028919330287,0.9136382955512168,0.6,79.1111111111111,0.9060836905722294,59.070067516887846,1.4169174360365684,79.1111111111111,0.9060836905722294,0.2,4.0,0.0,2022-06-01 12:25:47.481
mean,0.1,0.01,512.0,7.0,False,False,GenCAT_cora_3000_5000_0,2.0,0.5,0.1,40,41.0,0.0,0.0145670541418277,0.0001384015656006,300,scalability_node_edge,False,,8.0,256,PPR,last,10.0,16.0,2.0,0.1,GraphSAINT-GraphSAGE,2.0,10.0,1.0,True,GPR_prop,1500.0,3,50.0,84.36213991769547,2.395153647494408,67.82070366539669,4.044439253519428,84.36213991769547,2.395153647494408,0.1999999999999999,0.5972492198149364,0.0056744641896274,91.17199391171994,3.798224245210633,91.12945450208584,3.881481282359392,91.17199391171994,3.798224245210633,0.6,84.94444444444444,3.013344804960138,64.46262198933151,3.280998209437024,84.94444444444444,3.013344804960138,0.2,2.0,0.0,2022-06-01 12:45:01.777
mean,0.1,0.01,64.0,7.0,False,False,GenCAT_cora_3000_5000_0,2.0,0.5,0.2,40,41.0,0.0,0.7911939663821154,0.0061096446510756,200,scalability_node_edge,False,,8.0,128,PPR,last,10.0,16.0,2.0,0.002,Shadow-GAT,2.0,20.0,1.0,True,GPR_prop,2000.0,3,50.0,86.62551440329219,1.1707620037799429,70.99755384623604,4.089034727973912,86.62551440329219,1.1707620037799429,0.1999999999999999,32.438952621666736,0.2504954306941019,93.32191780821918,5.427679052325551,93.20973216696574,5.492290913252836,93.32191780821918,5.427679052325556,0.6,85.22222222222223,1.44230610952746,63.45264895983343,3.22323948351472,85.22222222222223,1.44230610952746,0.2,2.0,0.0,2022-06-03 14:26:55.511
mean,0.1,0.01,64.0,7.0,False,False,GenCAT_cora_3000_5000_0,2.0,0.5,0.2,40,41.0,0.0,0.4326780817804896,0.0051095946398032,200,scalability_node_edge,False,,8.0,128,PPR,last,10.0,16.0,2.0,0.002,Shadow-GraphSAGE,2.0,5.0,1.0,True,GPR_prop,2000.0,3,50.0,85.2880658436214,0.5245904849375317,68.33708747855455,4.444400828811947,85.2880658436214,0.5245904849375317,0.1999999999999999,17.73980135300007,0.2094933802319362,95.66210045662102,2.4660352733667645,95.66642261494586,2.4713158955330217,95.66210045662102,2.4660352733667645,0.6,86.16666666666667,3.0671497204093914,64.46868717449402,4.397974484933548,86.16666666666667,3.0671497204093914,0.2,2.0,0.0,2022-06-03 16:47:57.779
mean,0.1,0.01,512.0,7.0,False,False,GenCAT_cora_6000_10000_0,2.0,0.5,0.5,40,77.99999999999999,5.715476066494083,0.0153232903915512,2.595123508053361e-05,2000,scalability_node_edge,False,,8.0,64,PPR,last,10.0,16.0,2.0,0.01,GCN,2.0,10.0,1.0,True,GPR_prop,2000.0,3,50.0,89.06455862977603,0.7700468614599458,63.2343661179802,0.5826135351820748,89.06455862977603,0.7700468614599458,0.1999999999999999,1.1953588407486675,0.0895527961335672,94.70061291843471,0.9470913365008728,94.6939988103669,0.9522775319531483,94.70061291843471,0.9470913365008728,0.6,87.83333333333333,0.235702260395516,62.48001594646503,0.4829282071339351,87.83333333333333,0.235702260395516,0.2,2.0,5e-06,2022-06-03 13:56:42.888
mean,0.1,0.01,512.0,7.0,True,False,GenCAT_cora_6000_10000_0,2.0,0.5,0.5,40,75.33333333333333,2.0548046676563274,0.0167970938845351,3.0386253688229e-05,2000,scalability_node_edge,True,,8.0,64,PPR,max,10.0,16.0,2.0,0.01,JK-GCN,2.0,10.0,1.0,False,GPR_prop,2000.0,3,50.0,89.45981554677206,0.4297630152911774,63.46875734639771,0.1972749790167564,89.45981554677206,0.4297630152911786,0.1999999999999999,1.2654388479999548,0.0366735398379164,94.88920320603488,0.8081924502486064,94.88210092194346,0.8052254932546978,94.88920320603488,0.8081924502486064,0.6,87.66666666666666,0.3535533905932767,61.7555296977862,0.371874090347418,87.66666666666666,0.3535533905932767,0.2,2.0,5e-06,2022-06-06 16:46:44.620
mean,0.1,0.01,512.0,7.0,False,False,GenCAT_cora_6000_10000_0,2.0,0.5,0.5,100,110.66666666666669,1.2472191289246484,0.0271972675399438,8.396622079609834e-05,2000,scalability_node_edge,False,,8.0,64,PPR,last,10.0,16.0,2.0,0.05,ChebNet,2.0,10.0,1.0,True,GPR_prop,2000.0,3,50.0,90.3030303030303,0.5821007123682318,63.80998563399364,0.5462502336875664,90.3030303030303,0.5821007123682318,0.1999999999999999,3.0097576230000413,0.0282078902742921,96.2942008486563,0.0461949975065198,96.300995068971,0.0435557429323603,96.2942008486563,0.0461949975065198,0.6,90.41666666666669,0.9001028747788664,63.83908535598495,0.9262508198441016,90.41666666666669,0.9001028747788664,0.2,2.0,0.0005,2022-06-03 17:40:53.238
mean,0.1,0.01,512.0,7.0,False,False,GenCAT_cora_6000_10000_0,2.0,0.5,0.5,40,49.333333333333336,2.6246692913372724,0.0205902191371837,0.0004810477519552,100,scalability_node_edge,False,,8.0,64,PPR,last,10.0,16.0,2.0,0.2,SGC,2.0,10.0,1.0,True,GPR_prop,2000.0,3,50.0,82.79314888010539,0.2608562565642057,68.81796709328366,9.454646381236904,82.79314888010539,0.2608562565642049,0.1999999999999999,1.0147667471319437,0.0367701312509394,65.69542668552569,10.128518763995134,57.7008927383193,15.517202715925215,65.69542668552569,10.128518763995134,0.6,81.77777777777777,0.617391965858134,71.16680841156985,6.516619210681257,81.77777777777777,0.6173919658581392,0.2,2.0,0.0005,2022-06-03 15:52:41.103
mean,0.1,0.01,512.0,7.0,False,False,GenCAT_cora_6000_10000_0,2.0,0.5,0.5,100,118.33333333333331,2.0548046676563274,0.0204633212619343,0.0001550782222179,2000,scalability_node_edge,False,,8.0,64,PPR,last,10.0,16.0,2.0,0.05,GAT,2.0,10.0,8.0,True,GPR_prop,2000.0,3,50.0,88.88010540184453,0.6202161947794377,62.82448348921365,0.187914537044717,88.88010540184453,0.6202161947794377,0.1999999999999999,2.421570130313436,0.0495624836463801,90.54219707685056,0.1748914379159953,90.56721825664636,0.1859352080149775,90.54219707685056,0.1748914379159953,0.6,89.33333333333331,0.9525793444156796,63.28985835656658,0.6952647073478923,89.33333333333331,0.9525793444156796,0.2,2.0,0.0005,2022-06-03 15:32:03.677
mean,0.1,0.01,512.0,7.0,True,False,GenCAT_cora_6000_10000_0,2.0,0.5,0.5,100,115.33333333333331,3.399346342395185,0.022381778480347,0.0054027270404864,2000,scalability_node_edge,True,,8.0,64,PPR,cat,10.0,16.0,2.0,0.05,JK-GAT,2.0,10.0,8.0,False,GPR_prop,2000.0,3,50.0,89.64426877470356,0.6981629143342182,63.244651487013655,0.4353224247634227,89.64426877470356,0.6981629143342182,0.1999999999999999,2.599217178333371,0.7097916416824744,91.19283356907118,0.4586661577374928,91.21255144909684,0.4541437711271395,91.19283356907118,0.4586661577374942,0.6,88.02777777777777,0.1571348402636756,61.768551224094026,0.1408396170356052,88.02777777777777,0.1571348402636756,0.2,2.0,0.0005,2022-06-06 16:47:13.462
mean,0.1,0.01,512.0,7.0,False,False,GenCAT_cora_6000_10000_0,2.0,0.5,0.5,40,337.33333333333337,32.96799795087485,0.0257352909685706,0.0006302805995426,2000,scalability_node_edge,False,,8.0,64,PPR,last,10.0,16.0,2.0,0.002,H2GCN,2.0,10.0,1.0,True,GPR_prop,2000.0,3,50.0,89.67061923583663,0.8399144901454136,64.19965176981552,0.9864705176146946,89.67061923583663,0.8399144901454136,0.1999999999999999,8.667207409938177,0.734685116160102,97.22772277227722,1.065243020297752,97.22477685372829,1.066828228595128,97.22772277227722,1.065243020297752,0.6,89.41666666666667,0.6905446052586677,62.97766691443291,0.7124101306832424,89.41666666666667,0.6905446052586717,0.2,2.0,5e-06,2022-06-03 15:35:31.316
mean,0.1,0.01,512.0,7.0,False,False,GenCAT_cora_6000_10000_0,2.0,0.5,0.5,100,174.66666666666669,5.249338582674545,0.0187905669799663,0.0007804509207826,500,scalability_node_edge,False,,8.0,64,PPR,last,10.0,16.0,2.0,0.002,GraphSAGE,2.0,10.0,1.0,True,GPR_prop,2000.0,3,50.0,88.32674571805006,0.0985943975434497,62.277066293858674,0.2951082281748546,88.32674571805006,0.0985943975434497,0.1999999999999999,3.28520989852647,0.2209374933700701,95.78500707213578,1.2429802586164318,95.7808117600726,1.2378195881495564,95.78500707213578,1.2429802586164318,0.6,86.66666666666667,0.4461771778946961,61.32017715290489,0.159630332194593,86.66666666666667,0.4461771778946961,0.2,2.0,5e-06,2022-06-03 15:54:48.646
mean,0.1,0.01,512.0,7.0,True,False,GenCAT_cora_6000_10000_0,2.0,0.5,0.5,100,171.66666666666666,1.2472191289246484,0.0233681065415303,0.0001106002804749,500,scalability_node_edge,True,,8.0,64,PPR,lstm,10.0,16.0,2.0,0.002,JK-GraphSAGE,2.0,10.0,1.0,False,GPR_prop,2000.0,3,50.0,87.48353096179183,0.7254756204445966,62.38264523111127,0.4350445742106517,87.48353096179183,0.7254756204445966,0.1999999999999999,4.011547729333264,0.0372597645557985,95.64356435643565,0.7740247191412039,95.63412720601308,0.7738844613974533,95.64356435643565,0.7740247191412039,0.6,86.80555555555557,0.7856742013183834,61.2607836762909,0.5669169387515852,86.80555555555557,0.7856742013183834,0.2,2.0,5e-06,2022-06-06 16:48:46.216
mean,0.1,0.01,512.0,7.0,False,False,GenCAT_cora_6000_10000_0,2.0,0.5,0.5,40,130.33333333333334,6.182412330330465,0.014940022817631,0.0002053647210997,2000,scalability_node_edge,False,,8.0,64,PPR,last,10.0,16.0,2.0,0.01,MLP,2.0,10.0,1.0,True,GPR_prop,2000.0,3,50.0,76.83794466403162,0.3926130283465416,55.00415625329917,0.6919710195898262,76.83794466403162,0.3926130283465416,0.1999999999999999,1.946167640334655,0.0718602652214974,95.992456388496,0.346719025192841,96.003451232828,0.3470425206727967,95.992456388496,0.346719025192841,0.6,74.6111111111111,1.085112499145813,53.19667990799375,0.9405192757623,74.6111111111111,1.085112499145813,0.2,2.0,5e-05,2022-06-03 17:45:51.967
mean,0.1,0.01,512.0,7.0,False,False,GenCAT_cora_6000_10000_0,2.0,0.5,0.5,100,107.0,1.6329931618554536,0.0386460520905205,9.017573925121565e-05,2000,scalability_node_edge,False,,8.0,64,PPR,last,10.0,25.0,2.0,0.01,MoNet,2.0,10.0,1.0,True,GPR_prop,2000.0,3,50.0,87.19367588932806,0.4873054547801582,61.5930939393832,0.4150279510053641,87.19367588932806,0.4873054547801624,0.1999999999999999,4.135223650000019,0.0697025956798224,94.30457331447433,2.059998222353427,94.32013585513629,2.051900935109806,94.30457331447433,2.059998222353427,0.6,86.33333333333333,0.656167322834319,60.6903633048829,0.6785199616686939,86.33333333333333,0.6561673228343158,0.2,2.0,5e-05,2022-06-03 18:08:42.465
mean,0.9,0.01,512.0,7.0,False,False,GenCAT_cora_6000_10000_0,2.0,0.5,0.5,100,134.0,2.9439202887759515,0.0189673718894931,9.553800273495411e-05,2000,scalability_node_edge,False,,8.0,64,PPR,last,10.0,16.0,2.0,0.01,GPRGNN,2.0,10.0,1.0,True,GPR_prop,2000.0,3,50.0,91.56785243741766,0.6367876665926009,64.90346486681901,0.2739715101508806,91.56785243741766,0.6367876665926009,0.1999999999999999,2.5419015114506087,0.0681917019352119,92.22065063649222,0.4027186516560616,92.22622839673816,0.4047703097342672,92.22065063649222,0.4027186516560616,0.6,91.0277777777778,1.0548243081137532,64.43279386638733,0.8993487262068987,91.0277777777778,1.0548243081137532,0.2,2.0,5e-06,2022-06-03 13:57:55.044
mean,0.1,0.01,512.0,7.0,False,False,GenCAT_cora_6000_10000_0,2.0,0.5,0.5,40,64.99999999999999,12.02774570177914,0.0825011331573579,0.0074753505955646,2000,scalability_node_edge,False,,8.0,64,PPR,last,10.0,16.0,2.0,0.05,FSGNN,8.0,10.0,1.0,True,GPR_prop,2000.0,3,50.0,89.6969696969697,0.8172891920564335,63.7983494720881,0.5147757251120907,89.6969696969697,0.8172891920564335,0.1999999999999999,5.273099973797798,0.4478570808722545,99.05704856199904,0.1411280485346107,99.050070700519,0.1414292073535409,99.05704856199904,0.1411280485346107,0.6,88.8888888888889,0.1416394309331362,63.20558233739123,0.1469391697489306,88.8888888888889,0.1416394309331362,0.2,2.0,0.0,2022-06-03 17:17:34.119
mean,0.1,0.01,512.0,7.0,False,False,GenCAT_cora_6000_10000_0,2.0,0.5,0.2,40,154.33333333333331,8.99382504215469,0.0238585562676501,0.0002482770259553,300,scalability_node_edge,False,,8.0,256,PPR,last,10.0,16.0,2.0,0.002,GraphSAINT-GAT,2.0,10.0,1.0,True,GPR_prop,1500.0,3,50.0,83.26745718050064,1.659869907565073,59.21658791802978,1.0400506048694813,83.26745718050064,1.6598699075650778,0.1999999999999999,3.682457910666623,0.2231418046051806,92.06034889203208,0.7045052652278282,92.04589152839496,0.7127468757509301,92.06034889203208,0.7045052652278282,0.6,82.61111111111111,1.240395197875896,58.13630619120397,0.9176910058702432,82.61111111111111,1.240395197875896,0.2,2.0,0.0,2022-06-03 13:03:05.098
mean,0.1,0.01,512.0,7.0,False,False,GenCAT_cora_6000_10000_0,2.0,0.5,0.0,40,86.66666666666667,1.2472191289246484,0.0242914007728132,0.0001094899787327,300,scalability_node_edge,False,,8.0,256,PPR,last,10.0,16.0,2.0,0.002,GraphSAINT-GraphSAGE,2.0,10.0,1.0,True,GPR_prop,1500.0,3,50.0,88.19499341238472,0.4149674768912657,62.49137574619149,0.4477685416171446,88.19499341238472,0.4149674768912623,0.1999999999999999,2.1052751863333774,0.0331640942728568,96.55822725129654,0.5125008294842519,96.55409149032516,0.5114455329598462,96.55822725129654,0.5125008294842519,0.6,86.86111111111111,1.0236403207049052,61.458013409393445,0.6462429452383529,86.86111111111111,1.0236403207049052,0.2,2.0,0.0,2022-06-03 13:13:49.480
mean,0.1,0.01,128.0,7.0,False,False,GenCAT_cora_6000_10000_0,2.0,0.5,0.1,40,41.0,0.0,1.0329279087316952,0.0018524262355823,200,scalability_node_edge,False,,8.0,256,PPR,last,10.0,16.0,2.0,0.01,Shadow-GAT,2.0,10.0,1.0,True,GPR_prop,2000.0,3,50.0,88.14229249011859,0.7443713776983154,62.09920541009044,0.450523918154912,88.14229249011859,0.7443713776983154,0.1999999999999999,42.35004425799949,0.0759494756588751,92.86185761433286,2.564377196441066,92.92677911040104,2.5095730197077843,92.86185761433286,2.564377196441071,0.6,87.41666666666667,0.7200822998230934,61.64318392944968,0.2505961378442301,87.41666666666667,0.7200822998230934,0.2,2.0,0.0,2022-06-06 18:52:37.519
mean,0.1,0.01,128.0,7.0,False,False,GenCAT_cora_6000_10000_0,2.0,0.5,0.2,40,41.0,0.0,0.7002937262044931,0.0107432912288535,200,scalability_node_edge,False,,8.0,128,PPR,last,10.0,16.0,2.0,0.01,Shadow-GraphSAGE,2.0,10.0,1.0,True,GPR_prop,2000.0,3,50.0,86.9828722002635,2.135200482728103,65.30729396733403,5.8797645426885055,86.9828722002635,2.135200482728103,0.1999999999999999,28.712042774384216,0.4404749403829956,90.28760018859028,0.534912007682521,90.3311159322682,0.5270124329325132,90.28760018859028,0.534912007682521,0.6,86.50000000000001,0.6047650293632568,61.54481562857982,0.2663454474800346,86.50000000000001,0.6047650293632568,0.2,2.0,0.0,2022-06-03 19:00:14.761
mean,0.1,0.01,512.0,7.0,False,False,GenCAT_cora_9000_15000_0,2.0,0.5,0.5,100,105.33333333333334,2.3570226039551607,0.0231279947499527,0.0003202264600482,2000,scalability_node_edge,False,,8.0,64,PPR,last,10.0,16.0,2.0,0.05,GCN,2.0,10.0,1.0,True,GPR_prop,2000.0,3,50.0,89.4417077175698,1.1673479531807074,63.43130721701058,1.0255089310610754,89.4417077175698,1.1673479531807074,0.1999999999999999,2.4355366979998507,0.0341073648187143,92.21147646679562,1.2239637136756758,92.23738391635835,1.2159532803986235,92.21147646679562,1.2239637136756758,0.6,89.22222222222223,0.4906533814626556,63.11406585472309,0.1801938479461677,89.22222222222223,0.4906533814626556,0.2,2.0,5e-05,2022-06-06 13:50:53.476
mean,0.1,0.01,512.0,7.0,True,False,GenCAT_cora_9000_15000_0,2.0,0.5,0.5,100,104.0,0.0,0.0219209911089742,0.0002513646171908,2000,scalability_node_edge,True,,8.0,64,PPR,cat,10.0,16.0,2.0,0.05,JK-GCN,2.0,10.0,1.0,False,GPR_prop,2000.0,3,50.0,90.11494252873564,0.9192469623828188,63.65685421066915,0.638460624251664,90.11494252873564,0.9192469623828188,0.1999999999999999,2.2797830753333224,0.0261419201878463,92.03094777562862,0.9461294405138913,92.03552769531272,0.951427943185337,92.03094777562862,0.9461294405138913,0.6,90.96296296296296,0.2916299212596976,64.18686831139519,0.2128600044102035,90.96296296296296,0.2916299212596976,0.2,2.0,5e-05,2022-06-07 07:50:13.924
mean,0.1,0.01,512.0,7.0,False,False,GenCAT_cora_9000_15000_0,2.0,0.5,0.5,40,489.33333333333337,13.474255287605123,0.0313641448834193,3.873532076400451e-05,2000,scalability_node_edge,False,,8.0,32,PPR,last,10.0,16.0,2.0,0.002,ChebNet,2.0,10.0,1.0,True,GPR_prop,2000.0,3,50.0,90.42692939244664,0.2737821346557146,64.28746855949997,0.5031731250622239,90.42692939244664,0.2737821346557146,0.1999999999999999,15.347276007000044,0.4137011171335593,97.90457769181172,0.1897348674347121,97.88995749971008,0.1896279802054576,97.90457769181172,0.1897348674347121,0.6,90.07407407407408,0.9322009591594966,63.72213480176711,0.8406624750930477,90.07407407407406,0.9322009591594914,0.2,2.0,5e-06,2022-06-06 14:12:28.075
mean,0.1,0.01,512.0,7.0,False,False,GenCAT_cora_9000_15000_0,2.0,0.5,0.5,40,52.0,2.828427124746193,0.0420929542608112,0.0016437450600274,100,scalability_node_edge,False,,8.0,64,PPR,last,10.0,16.0,2.0,0.2,SGC,2.0,10.0,1.0,True,GPR_prop,2000.0,3,50.0,82.20032840722496,5.651419850460598,78.9986979327184,5.539568857737415,82.20032840722496,5.651419850460602,0.1999999999999999,2.1841982653337864,0.0377410286539014,65.15796260477111,2.319166054032696,56.08485567906013,0.8399545932018958,65.15796260477111,2.319166054032696,0.6,82.2962962962963,5.298173715422408,79.70473897183359,4.757340630040949,82.2962962962963,5.298173715422408,0.2,2.0,0.0005,2022-06-06 15:52:58.139
mean,0.1,0.01,512.0,7.0,False,False,GenCAT_cora_9000_15000_0,2.0,0.5,0.5,40,50.66666666666667,3.3993463423951904,0.0254813748994885,5.187808813073096e-05,2000,scalability_node_edge,False,,8.0,64,PPR,last,10.0,16.0,2.0,0.05,GAT,2.0,10.0,8.0,True,GPR_prop,2000.0,3,50.0,89.47454844006569,0.8246226291947274,63.11576430689119,0.7606954024773268,89.47454844006569,0.8246226291947274,0.1999999999999999,1.2908866603332474,0.0841621290001789,90.5544809800129,1.8789210712822009,90.54977857032712,1.879611190547936,90.5544809800129,1.8789210712822009,0.6,89.0,1.04625532532041,62.56642185905786,0.7409955106966956,89.0,1.0462553253204057,0.2,2.0,5e-06,2022-06-06 15:13:01.606
mean,0.1,0.01,512.0,7.0,True,False,GenCAT_cora_9000_15000_0,2.0,0.5,0.5,40,54.99999999999999,2.828427124746187,0.0357643551331271,0.0112238789390574,2000,scalability_node_edge,True,,8.0,64,PPR,lstm,10.0,16.0,2.0,0.05,JK-GAT,2.0,10.0,8.0,False,GPR_prop,2000.0,3,50.0,89.17898193760263,0.9452767136042196,62.69098570743916,0.4477964439540854,89.17898193760264,0.9452767136042152,0.1999999999999999,1.9832321066666807,0.6830024938105421,90.63829787234044,1.643986797746672,90.65677076019983,1.6615442685546589,90.63829787234044,1.643986797746672,0.6,89.31481481481481,0.4065647851870377,62.766655280846265,0.4195046743242822,89.31481481481481,0.4065647851870377,0.2,2.0,5e-06,2022-06-07 07:51:28.558
mean,0.1,0.01,512.0,7.0,False,False,GenCAT_cora_9000_15000_0,2.0,0.5,0.5,40,74.33333333333333,10.338708279513884,0.0704422756281717,0.0051169876687299,2000,scalability_node_edge,False,,8.0,64,PPR,last,10.0,16.0,2.0,0.05,H2GCN,2.0,10.0,1.0,True,GPR_prop,2000.0,3,50.0,91.08374384236453,0.396135897596543,64.50874999545873,0.2346141009030622,91.08374384236453,0.396135897596543,0.1999999999999999,5.183460868334199,0.3816450258520078,96.69245647969052,0.6878559413122689,96.70129070772576,0.6849857048040243,96.69245647969052,0.6878559413122689,0.6,90.03703703703704,0.4452153807470818,63.60024105618392,0.3273409760383782,90.03703703703704,0.4452153807470818,0.2,2.0,5e-05,2022-06-06 15:49:41.367
mean,0.1,0.01,512.0,7.0,False,False,GenCAT_cora_9000_15000_0,2.0,0.5,0.5,100,195.66666666666663,1.2472191289246484,0.0279875299870774,0.0002606635785093,500,scalability_node_edge,False,,8.0,64,PPR,last,10.0,16.0,2.0,0.002,GraphSAGE,2.0,10.0,1.0,True,GPR_prop,2000.0,3,50.0,88.83415435139574,0.5341036442460005,62.95560517168636,0.6247043325677281,88.83415435139574,0.5341036442460058,0.1999999999999999,5.476163441666965,0.0559881809694836,96.43455834945198,0.6673036251675397,96.43778242928346,0.6763828399300987,96.43455834945198,0.6673036251675397,0.6,88.98148148148147,0.2579331162441492,63.045580407600944,0.1743765250398687,88.98148148148147,0.2579331162441492,0.2,2.0,5e-05,2022-06-06 15:56:37.390
mean,0.1,0.01,512.0,7.0,True,False,GenCAT_cora_9000_15000_0,2.0,0.5,0.5,100,206.3333333333333,8.576453553512403,0.0321939723639534,0.0002533185338011,500,scalability_node_edge,True,,8.0,64,PPR,lstm,10.0,16.0,2.0,0.002,JK-GraphSAGE,2.0,10.0,1.0,False,GPR_prop,2000.0,3,50.0,88.04597701149426,0.8057697304686554,62.331827390431016,0.7417926332219035,88.04597701149426,0.8057697304686554,0.1999999999999999,6.642549574666647,0.2761696340497805,96.8923275306254,1.4895989271860728,96.89568796285984,1.4936957478128348,96.8923275306254,1.4895989271860728,0.6,88.12962962962963,0.5411718220815714,61.8958648376196,0.633483850353907,88.12962962962963,0.5411718220815714,0.2,2.0,5e-05,2022-06-07 07:52:33.848
mean,0.1,0.01,512.0,7.0,False,False,GenCAT_cora_9000_15000_0,2.0,0.5,0.5,100,225.0,28.855964143772194,0.0158018114091677,4.232092326271401e-05,2000,scalability_node_edge,False,,8.0,64,PPR,last,10.0,16.0,2.0,0.01,MLP,2.0,10.0,1.0,True,GPR_prop,2000.0,3,50.0,78.89983579638752,1.1947434984289806,55.977739485776944,0.4690850409029328,78.89983579638752,1.194743498428982,0.1999999999999999,3.554691570333489,0.4496425614690109,97.36299161831076,0.4238679539366511,97.38336790246082,0.423982533799857,97.36299161831076,0.4238679539366511,0.6,76.85185185185186,1.214058029858059,54.45544581737612,0.5944679489564588,76.85185185185186,1.214058029858059,0.2,2.0,0.0,2022-06-06 14:53:27.890
mean,0.1,0.01,512.0,7.0,False,False,GenCAT_cora_9000_15000_0,2.0,0.5,0.5,100,110.33333333333331,4.988876515698584,0.0505057600987082,0.0001437145005395,2000,scalability_node_edge,False,,8.0,64,PPR,last,10.0,25.0,2.0,0.01,MoNet,2.0,10.0,1.0,True,GPR_prop,2000.0,3,50.0,87.60262725779967,0.5356159747225018,61.69138071653744,0.3215288737696671,87.60262725779967,0.5356159747225018,0.1999999999999999,5.572418472666565,0.2508914968150367,93.98452611218568,0.3316523829687113,94.01030402298886,0.3323722303879297,93.98452611218568,0.3316523829687113,0.6,88.35185185185185,0.2283116297395907,61.7435705837313,0.4228114840935351,88.35185185185185,0.2283116297395907,0.2,2.0,5e-05,2022-06-07 08:19:19.748
mean,0.9,0.01,512.0,7.0,False,False,GenCAT_cora_9000_15000_0,2.0,0.5,0.5,100,323.3333333333333,13.719410418171124,0.0233888337826327,8.102021369558259e-05,2000,scalability_node_edge,False,,8.0,64,PPR,last,10.0,16.0,2.0,0.002,GPRGNN,2.0,10.0,1.0,True,GPR_prop,2000.0,3,50.0,91.0016420361248,0.725475272064843,67.45494531058046,5.703437007766501,91.0016420361248,0.725475272064843,0.1999999999999999,7.563496786666897,0.346623814905565,91.25725338491296,0.0789648530877895,91.24421834379274,0.0527778927521755,91.25725338491296,0.0789648530877895,0.6,90.98148148148148,0.4633331853035859,67.30595874477072,5.171809192454662,90.98148148148148,0.4633331853035826,0.2,2.0,5e-05,2022-06-06 17:41:08.802
mean,0.1,0.001,512.0,7.0,False,False,GenCAT_cora_9000_15000_0,2.0,0.5,0.5,100,119.33333333333331,4.189935029992182,0.0655306407993733,0.0008494565496826,2000,scalability_node_edge,False,,8.0,64,PPR,last,10.0,16.0,2.0,0.01,FSGNN,8.0,10.0,1.0,True,GPR_prop,2000.0,3,50.0,90.9688013136289,0.4915149276550333,64.47446699218182,0.3534344893645759,90.9688013136289,0.4915149276550333,0.1999999999999999,7.8165179109983,0.1757195391869547,98.58800773694392,0.3106843018222265,98.58793526040196,0.3057020422961052,98.58800773694392,0.3106843018222265,0.6,90.66666666666666,0.8164965809277268,64.1100437033647,0.511307621168333,90.66666666666666,0.8164965809277268,0.2,2.0,0.0005,2022-06-06 17:16:36.488
mean,0.1,0.01,512.0,7.0,False,False,GenCAT_cora_9000_15000_0,2.0,0.5,0.2,40,163.0,5.656854249492374,0.0312371400080546,0.0001363200715311,300,scalability_node_edge,False,,8.0,256,PPR,last,10.0,16.0,2.0,0.002,GraphSAINT-GAT,2.0,10.0,1.0,True,GPR_prop,2000.0,3,50.0,84.97536945812809,0.6621295616964209,60.42800886931137,0.1927631270902676,84.97536945812809,0.6621295616964235,0.1999999999999999,5.092365427666664,0.1978880776777764,93.02385557704709,0.3758373086212704,93.02184767204186,0.3744432355886208,93.02385557704709,0.3758373086212704,0.6,85.03703703703704,1.0115926136109386,59.81485315075861,0.4577395580572611,85.03703703703704,1.0115926136109386,0.2,4.0,0.0,2022-06-06 14:09:08.943
mean,0.1,0.01,512.0,7.0,False,False,GenCAT_cora_9000_15000_0,2.0,0.5,0.2,40,48.0,2.160246899469286,0.0308165691384961,0.0007208028893626,300,scalability_node_edge,False,,8.0,256,PPR,last,10.0,16.0,2.0,0.01,GraphSAINT-GraphSAGE,2.0,10.0,1.0,True,GPR_prop,1500.0,3,50.0,88.76847290640396,0.5039740313045273,63.04813762990423,0.3657694636402578,88.76847290640394,0.5039740313045229,0.1999999999999999,1.4801202340004238,0.0917325417392098,95.42230818826565,0.6938729903203875,95.43990921082312,0.6944803743602063,95.42230818826565,0.6938729903203875,0.6,89.38888888888889,0.4735819204646084,62.82966754184679,0.5477731242869337,89.38888888888889,0.4735819204646032,0.2,2.0,0.0,2022-06-06 14:23:47.902
mean,0.1,0.01,64.0,7.0,False,False,GenCAT_cora_9000_15000_0,2.0,0.5,0.1,40,42.0,1.4142135623730965,2.503087707691209,0.0310834609051598,200,scalability_node_edge,False,,8.0,256,PPR,last,10.0,16.0,2.0,0.01,Shadow-GAT,2.0,10.0,1.0,True,GPR_prop,2000.0,3,50.0,88.6535303776683,0.5860941969646891,62.220945253160565,0.561793871892559,88.6535303776683,0.5860941969646928,0.1999999999999999,105.16566406199854,4.691387815924183,92.20502901353966,1.148986098900591,92.20436211748114,1.1324428684410863,92.20502901353966,1.148986098900591,0.6,88.74074074074075,0.8811390558052081,62.45606665438813,0.7732843877686205,88.74074074074075,0.8811390558052081,0.2,2.0,0.0,2022-06-07 01:45:49.257
mean,0.1,0.01,128.0,7.0,False,False,GenCAT_cora_9000_15000_0,2.0,0.5,0.2,40,41.0,0.0,1.2377220633740016,0.0029003398851796,200,scalability_node_edge,False,,8.0,128,PPR,last,10.0,16.0,2.0,0.01,Shadow-GraphSAGE,2.0,5.0,1.0,True,GPR_prop,2000.0,3,50.0,88.55500821018062,1.0374757963173262,62.6009815268818,0.6487204950839474,88.55500821018062,1.0374757963173262,0.1999999999999999,50.74660459833407,0.1189139352923681,95.80915538362346,0.3377382554147973,95.81939814733488,0.3377545505326931,95.80915538362346,0.3377382554147973,0.6,88.64814814814815,1.1261330218896894,62.6491520210101,0.3788113999234593,88.64814814814815,1.1261330218896894,0.2,2.0,0.0,2022-06-06 17:08:08.611
mean,0.1,0.01,512.0,7.0,False,False,GenCAT_cora_12000_20000_0,2.0,0.5,0.5,100,102.33333333333334,0.9428090415820642,0.0236232223884386,0.0012886509004696,2000,scalability_node_edge,False,,8.0,64,PPR,last,10.0,16.0,2.0,0.05,GCN,2.0,10.0,1.0,True,GPR_prop,2000.0,3,50.0,88.43152064451158,0.3088581104326608,62.63619304463168,0.4589795485569038,88.43152064451158,0.3088581104326608,0.1999999999999999,2.4162714655200643,0.1098380004798332,92.65439202148062,1.376311616334276,92.63946984202396,1.3813877736884692,92.65439202148062,1.3763116163342797,0.6,87.8888888888889,1.023074825594604,62.08994917795005,0.8978097164198466,87.8888888888889,1.0230748255946092,0.2,2.0,5e-06,2022-06-03 18:01:04.590
mean,0.1,0.01,512.0,7.0,True,False,GenCAT_cora_12000_20000_0,2.0,0.5,0.5,100,102.33333333333334,1.2472191289246484,0.0242090919672293,0.0001305615097044,2000,scalability_node_edge,True,,8.0,64,PPR,max,10.0,16.0,2.0,0.05,JK-GCN,2.0,10.0,1.0,False,GPR_prop,2000.0,3,50.0,88.74622356495469,0.3738479960956083,62.70324315624003,0.3558568471900105,88.74622356495469,0.3738479960956132,0.1999999999999999,2.477319145333392,0.026427346730373,94.18872266973533,0.7382409332771204,94.19286714408528,0.7380624142120374,94.18872266973533,0.7382409332771204,0.6,88.98611111111111,1.4110728341265275,62.63758904069516,0.8988169267502794,88.98611111111111,1.4110728341265235,0.2,2.0,5e-06,2022-06-06 16:49:24.551
mean,0.1,0.01,512.0,7.0,False,False,GenCAT_cora_12000_20000_0,2.0,0.5,0.5,100,109.33333333333334,3.6817870057290807,0.0409845708368973,3.661082984671926e-05,2000,scalability_node_edge,False,,8.0,16,PPR,last,10.0,16.0,2.0,0.05,ChebNet,2.0,10.0,1.0,True,GPR_prop,2000.0,3,50.0,88.98539778449145,0.4800019125110175,63.14866402589144,0.3102883676554812,88.98539778449145,0.4800019125110175,0.1999999999999999,4.48108631366631,0.1540363746268367,96.2121212121212,0.9349704443832842,96.22380340474086,0.919639581037683,96.2121212121212,0.9349704443832842,0.6,88.66666666666667,0.8464249436218133,62.26207647931411,0.302560495626811,88.66666666666667,0.8464249436218143,0.2,2.0,5e-06,2022-06-03 18:56:58.379
mean,0.1,0.01,512.0,7.0,False,False,GenCAT_cora_12000_20000_0,2.0,0.5,0.5,40,54.0,0.0,0.0479931827795542,0.0002122465668871,100,scalability_node_edge,False,,8.0,64,PPR,last,10.0,16.0,2.0,0.2,SGC,2.0,10.0,1.0,True,GPR_prop,2000.0,3,50.0,79.95971802618328,1.587999792618136,76.13654470340515,2.0437294682832405,79.95971802618328,1.587999792618136,0.1999999999999999,2.591631870095928,0.0114613146119036,63.06578442654392,0.4222132712457098,53.18895663034372,0.3688694400004701,63.06578442654392,0.4222132712457098,0.6,79.12499999999999,1.5623611049377235,75.43984226850947,1.4283065208022412,79.12499999999999,1.5623611049377235,0.2,2.0,0.0005,2022-06-03 20:18:13.276
mean,0.1,0.01,512.0,7.0,False,False,GenCAT_cora_12000_20000_0,2.0,0.5,0.5,100,128.0,4.320493798938577,0.0282119634450462,0.0007619401676767,2000,scalability_node_edge,False,,8.0,64,PPR,last,10.0,16.0,2.0,0.01,GAT,2.0,10.0,4.0,True,GPR_prop,2000.0,3,50.0,87.85246727089627,0.6792919216128935,61.91732170894433,0.2979626117695944,87.85246727089627,0.6792919216128935,0.1999999999999999,3.614274670680364,0.2192652770571832,91.68584579976984,1.3650740407500943,91.6694747734422,1.377542128799983,91.68584579976984,1.3650740407500943,0.6,86.8611111111111,0.1873713550448916,60.942774857530544,0.1002168511077038,86.8611111111111,0.1873713550448916,0.2,2.0,5e-06,2022-06-03 19:08:59.455
mean,0.1,0.01,512.0,7.0,True,False,GenCAT_cora_12000_20000_0,2.0,0.5,0.5,100,126.66666666666666,1.2472191289246484,0.0285896871655529,0.0048687258092224,2000,scalability_node_edge,True,,8.0,64,PPR,max,10.0,16.0,2.0,0.01,JK-GAT,2.0,10.0,4.0,False,GPR_prop,2000.0,3,50.0,87.03423967774421,0.6091920258088033,61.106078475842665,0.5038845528103189,87.03423967774421,0.6091920258088033,0.1999999999999999,3.615693301000116,0.579402089545466,93.31607211354049,0.6637961416888913,93.31488639391344,0.6532416361494381,93.31607211354049,0.6637961416888868,0.6,87.44444444444443,0.4253720230864855,61.38038612658169,0.0498124959200478,87.44444444444443,0.4253720230864855,0.2,2.0,5e-06,2022-06-06 16:50:19.717
mean,0.1,0.01,512.0,7.0,False,False,GenCAT_cora_12000_20000_0,2.0,0.5,0.5,40,68.33333333333333,8.25967446224258,0.0816107359317018,0.0040193874622872,2000,scalability_node_edge,False,,8.0,64,PPR,last,10.0,16.0,2.0,0.05,H2GCN,2.0,10.0,1.0,True,GPR_prop,2000.0,3,50.0,89.52668680765358,0.8468725171980928,63.21330161679097,0.9987842409306138,89.52668680765358,0.8468725171980928,0.1999999999999999,5.543708984429637,0.378536652327243,96.89298043728422,0.6156770586603159,96.89297766482628,0.6162539958691532,96.89298043728422,0.6156770586603159,0.6,89.0,0.5902369266909941,62.77237065319562,0.5535790737460079,89.0,0.5902369266909903,0.2,2.0,0.0,2022-06-03 20:10:52.105
mean,0.1,0.01,512.0,7.0,False,False,GenCAT_cora_12000_20000_0,2.0,0.5,0.5,100,154.0,5.09901951359279,0.0234109599142126,0.0003817885742143,500,scalability_node_edge,False,,8.0,128,PPR,last,10.0,16.0,2.0,0.002,GraphSAGE,2.0,10.0,1.0,True,GPR_prop,2000.0,3,50.0,88.02870090634441,0.192561159878882,61.932947436971645,0.3090729998695901,88.02870090634441,0.192561159878882,0.1999999999999999,3.607136414696773,0.1756148935263601,95.45934023782124,0.9425378076805736,95.44530532988446,0.941839735393848,95.45934023782124,0.9425378076805736,0.6,87.44444444444443,0.7922755942750945,61.44941897644384,0.8496811343567386,87.44444444444443,0.7922755942750945,0.2,2.0,0.0,2022-06-03 20:19:39.128
mean,0.1,0.01,512.0,7.0,True,False,GenCAT_cora_12000_20000_0,2.0,0.5,0.5,100,152.33333333333334,2.4944382578492967,0.0361574751531591,0.0002297335874659,500,scalability_node_edge,True,,8.0,128,PPR,max,10.0,16.0,2.0,0.002,JK-GraphSAGE,2.0,10.0,1.0,False,GPR_prop,2000.0,3,50.0,87.24823766364553,1.1041723192139168,61.08358982493337,0.4865045912484737,87.24823766364553,1.1041723192139168,0.1999999999999999,5.508182575000015,0.1068668002462957,96.14499424626008,1.315047439371619,96.12919438183458,1.315308253157661,96.14499424626008,1.315047439371619,0.6,87.5,1.356994909786029,61.65087918437459,0.8871677126503328,87.5,1.3569949097860274,0.2,2.0,0.0,2022-06-06 16:51:27.267
mean,0.1,0.01,512.0,7.0,False,False,GenCAT_cora_12000_20000_0,2.0,0.5,0.5,40,123.33333333333334,8.956685895029599,0.0209312900149301,0.0002082960116363,2000,scalability_node_edge,False,,8.0,64,PPR,last,10.0,16.0,2.0,0.01,MLP,2.0,10.0,1.0,True,GPR_prop,2000.0,3,50.0,77.8197381671702,0.973282063448022,55.47009263307338,0.7745999333825094,77.8197381671702,0.973282063448022,0.1999999999999999,2.581940052000088,0.1938668684928511,91.2686996547756,0.3881109770780194,91.33607014278552,0.3856616148696687,91.2686996547756,0.3881109770780197,0.6,77.31944444444444,0.6107953729804446,54.70066961595176,0.7341037862897541,77.31944444444446,0.6107953729804428,0.2,2.0,5e-05,2022-06-03 19:08:19.209
mean,0.1,0.01,512.0,7.0,False,False,GenCAT_cora_12000_20000_0,2.0,0.5,0.5,100,117.33333333333331,0.4714045207910321,0.0659279928595797,0.0001815995183653,2000,scalability_node_edge,False,,8.0,64,PPR,last,10.0,25.0,2.0,0.01,MoNet,2.0,10.0,1.0,True,GPR_prop,2000.0,3,50.0,86.30412890231621,0.2006215691151681,60.37042135143913,0.0831671341299574,86.30412890231621,0.2006215691151684,0.1999999999999999,7.735531421666868,0.0333366029644995,93.60855389336402,0.3376153959011126,93.59333330518722,0.335020449459569,93.60855389336402,0.3376153959011126,0.6,86.55555555555556,0.3491612524993474,60.81649227048498,0.3059977766479303,86.55555555555556,0.3491612524993436,0.2,2.0,5e-05,2022-06-03 19:48:15.407
mean,0.9,0.01,512.0,7.0,False,False,GenCAT_cora_12000_20000_0,2.0,0.5,0.5,40,50.33333333333333,0.4714045207910321,0.0230119738871463,0.0004024525178321,2000,scalability_node_edge,False,,8.0,64,PPR,last,10.0,16.0,2.0,0.05,GPRGNN,2.0,10.0,1.0,True,GPR_prop,2000.0,3,50.0,90.38267875125882,0.5595697575753514,63.50483432514517,0.4506823723093346,90.38267875125882,0.5595697575753514,0.1999999999999999,1.1584549558659394,0.0310774317056619,90.3289221327196,0.4426288800477289,90.30784601124148,0.4603449674415019,90.3289221327196,0.4426288800477289,0.6,89.22222222222223,0.2893425924444404,62.2106036817277,0.4038266739852199,89.22222222222223,0.2893425924444352,0.2,2.0,0.0,2022-06-03 21:17:58.779
mean,0.1,0.1,512.0,7.0,False,False,GenCAT_cora_12000_20000_0,2.0,0.5,0.5,100,112.33333333333331,16.02775370689508,0.0526320949953621,0.0033214130454093,2000,scalability_node_edge,False,,8.0,64,PPR,last,10.0,16.0,2.0,0.05,FSGNN,3.0,10.0,1.0,True,GPR_prop,2000.0,3,50.0,90.15609264853978,0.5949799747279171,63.727483857492615,0.6362154529976963,90.15609264853978,0.5949799747279171,0.1999999999999999,5.85911820580562,0.4330066341696791,97.5067126965861,1.1133606532089064,97.51402686115152,1.1073930142822024,97.5067126965861,1.1133606532089064,0.6,90.11111111111111,0.3605765273818676,63.24808760925145,0.392339303750188,90.11111111111111,0.3605765273818683,0.2,2.0,5e-05,2022-06-03 21:55:40.071
mean,0.1,0.01,512.0,7.0,False,False,GenCAT_cora_12000_20000_0,2.0,0.5,0.2,40,91.66666666666666,11.025223605694151,0.0337080282910808,0.0001931592128265,300,scalability_node_edge,False,,8.0,256,PPR,last,10.0,16.0,2.0,0.01,GraphSAINT-GAT,2.0,10.0,1.0,True,GPR_prop,1500.0,3,50.0,84.83131923464249,0.6060625940186651,59.496838937613546,0.5881037325655554,84.83131923464249,0.6060625940186651,0.1999999999999999,3.0881304860004093,0.3579223992348124,92.927694668201,0.7904269672034827,92.8909191372658,0.7938170727925791,92.927694668201,0.7904269672034827,0.6,84.95833333333334,0.2700308624336636,59.71350378892903,0.3285352186026312,84.95833333333334,0.2700308624336671,0.2,4.0,0.0,2022-06-03 13:44:42.041
mean,0.1,0.01,512.0,7.0,False,False,GenCAT_cora_12000_20000_0,2.0,0.5,0.2,40,55.333333333333336,1.6996731711975928,0.0338079013929661,0.0001871314030231,300,scalability_node_edge,False,,8.0,128,PPR,last,10.0,16.0,2.0,0.01,GraphSAINT-GraphSAGE,2.0,10.0,1.0,True,GPR_prop,2000.0,3,50.0,87.94058408862035,0.205305972184037,61.96564919411259,0.1627122529790134,87.94058408862035,0.205305972184037,0.1999999999999999,1.8706328773332643,0.0562708143942306,93.43114691215958,0.8283465144911583,93.41607504719254,0.8436340697505736,93.43114691215958,0.8283465144911583,0.6,86.75,0.6208193510729697,60.60172005095927,0.3256124911421282,86.75,0.6208193510729697,0.2,2.0,0.0,2022-06-03 13:54:35.056
mean,0.1,0.01,64.0,7.0,False,False,GenCAT_cora_12000_20000_0,2.0,0.5,0.1,40,41.0,0.0,2.671169174991874,0.014833245990566,200,scalability_node_edge,False,,8.0,256,PPR,last,10.0,16.0,2.0,0.002,Shadow-GAT,2.0,10.0,1.0,True,GPR_prop,2000.0,3,50.0,86.8202416918429,0.423903782489497,61.2053933973847,0.171607072963583,86.8202416918429,0.423903782489497,0.1999999999999999,109.51793617466684,0.6081630856132046,92.59685462217108,2.6436523609033378,92.60339782926243,2.6419462364015884,92.59685462217108,2.6436523609033378,0.6,85.7361111111111,0.893866272761339,60.01691222294085,0.6465954241214881,85.73611111111111,0.8938662727613363,0.2,2.0,0.0,2022-06-07 02:47:47.024
mean,0.1,0.01,128.0,7.0,False,False,GenCAT_cora_12000_20000_0,2.0,0.5,0.1,40,41.0,0.0,2.166198758650397,0.0097919964563954,200,scalability_node_edge,False,,8.0,256,PPR,last,10.0,16.0,2.0,0.002,Shadow-GraphSAGE,2.0,10.0,1.0,True,GPR_prop,2000.0,3,50.0,87.3992950654582,1.3519192065290886,61.63316589818722,0.6913689112649857,87.3992950654582,1.351919206529094,0.1999999999999999,88.8141491046663,0.4014718547122092,96.50460299194476,1.4240264166283385,96.49630738248574,1.44754639878086,96.50460299194476,1.4240264166283385,0.6,86.33333333333333,1.1804738533819887,60.6325231595536,0.6733552231107107,86.33333333333333,1.1804738533819887,0.2,2.0,0.0,2022-06-05 23:39:27.358
